JR函館本線(函館～長万部),https://ekimemo.wiki.fc2.com/wiki/JR%E5%87%BD%E9%A4%A8%E6%9C%AC%E7%B7%9A%28%E5%87%BD%E9%A4%A8%EF%BD%9E%E9%95%B7%E4%B8%87%E9%83%A8%29
JR函館本線(長万部～小樽),https://ekimemo.wiki.fc2.com/wiki/JR%E5%87%BD%E9%A4%A8%E6%9C%AC%E7%B7%9A%28%E9%95%B7%E4%B8%87%E9%83%A8%EF%BD%9E%E5%B0%8F%E6%A8%BD%29
JR函館本線(小樽～旭川),https://ekimemo.wiki.fc2.com/wiki/JR%E5%87%BD%E9%A4%A8%E6%9C%AC%E7%B7%9A%28%E5%B0%8F%E6%A8%BD%EF%BD%9E%E6%97%AD%E5%B7%9D%29
JR室蘭本線(長万部・室蘭～苫小牧),https://ekimemo.wiki.fc2.com/wiki/JR%E5%AE%A4%E8%98%AD%E6%9C%AC%E7%B7%9A%28%E9%95%B7%E4%B8%87%E9%83%A8%E3%83%BB%E5%AE%A4%E8%98%AD%EF%BD%9E%E8%8B%AB%E5%B0%8F%E7%89%A7%29
JR室蘭本線(苫小牧～岩見沢),https://ekimemo.wiki.fc2.com/wiki/JR%E5%AE%A4%E8%98%AD%E6%9C%AC%E7%B7%9A%28%E8%8B%AB%E5%B0%8F%E7%89%A7%EF%BD%9E%E5%B2%A9%E8%A6%8B%E6%B2%A2%29
JR根室本線(滝川～新得),https://ekimemo.wiki.fc2.com/wiki/JR%E6%A0%B9%E5%AE%A4%E6%9C%AC%E7%B7%9A%28%E6%BB%9D%E5%B7%9D%EF%BD%9E%E6%96%B0%E5%BE%97%29
JR根室本線(新得～釧路),https://ekimemo.wiki.fc2.com/wiki/JR%E6%A0%B9%E5%AE%A4%E6%9C%AC%E7%B7%9A%28%E6%96%B0%E5%BE%97%EF%BD%9E%E9%87%A7%E8%B7%AF%29
JR根室本線(花咲線)(釧路～根室),https://ekimemo.wiki.fc2.com/wiki/JR%E6%A0%B9%E5%AE%A4%E6%9C%AC%E7%B7%9A%28%E8%8A%B1%E5%92%B2%E7%B7%9A%29%28%E9%87%A7%E8%B7%AF%EF%BD%9E%E6%A0%B9%E5%AE%A4%29
JR千歳線,https://ekimemo.wiki.fc2.com/wiki/JR%E5%8D%83%E6%AD%B3%E7%B7%9A
JR石勝線,https://ekimemo.wiki.fc2.com/wiki/JR%E7%9F%B3%E5%8B%9D%E7%B7%9A
JR日高本線,https://ekimemo.wiki.fc2.com/wiki/JR%E6%97%A5%E9%AB%98%E6%9C%AC%E7%B7%9A
JR札沼線,https://ekimemo.wiki.fc2.com/wiki/JR%E6%9C%AD%E6%B2%BC%E7%B7%9A
JR留萌本線,https://ekimemo.wiki.fc2.com/wiki/JR%E7%95%99%E8%90%8C%E6%9C%AC%E7%B7%9A
JR富良野線,https://ekimemo.wiki.fc2.com/wiki/JR%E5%AF%8C%E8%89%AF%E9%87%8E%E7%B7%9A
JR宗谷本線,https://ekimemo.wiki.fc2.com/wiki/JR%E5%AE%97%E8%B0%B7%E6%9C%AC%E7%B7%9A
JR石北本線,https://ekimemo.wiki.fc2.com/wiki/JR%E7%9F%B3%E5%8C%97%E6%9C%AC%E7%B7%9A
JR釧網本線,https://ekimemo.wiki.fc2.com/wiki/JR%E9%87%A7%E7%B6%B2%E6%9C%AC%E7%B7%9A
JR海峡線,https://ekimemo.wiki.fc2.com/wiki/JR%E6%B5%B7%E5%B3%A1%E7%B7%9A
JR江差線,https://ekimemo.wiki.fc2.com/wiki/JR%E6%B1%9F%E5%B7%AE%E7%B7%9A
JR東北本線(八戸～青森),https://ekimemo.wiki.fc2.com/wiki/JR%E6%9D%B1%E5%8C%97%E6%9C%AC%E7%B7%9A%28%E5%85%AB%E6%88%B8%EF%BD%9E%E9%9D%92%E6%A3%AE%29
JR奥羽本線(新庄～青森),https://ekimemo.wiki.fc2.com/wiki/JR%E5%A5%A5%E7%BE%BD%E6%9C%AC%E7%B7%9A%28%E6%96%B0%E5%BA%84%EF%BD%9E%E9%9D%92%E6%A3%AE%29
JR大湊線(はまなすベイライン大湊線),https://ekimemo.wiki.fc2.com/wiki/JR%E5%A4%A7%E6%B9%8A%E7%B7%9A%28%E3%81%AF%E3%81%BE%E3%81%AA%E3%81%99%E3%83%99%E3%82%A4%E3%83%A9%E3%82%A4%E3%83%B3%E5%A4%A7%E6%B9%8A%E7%B7%9A%29
JR五能線,https://ekimemo.wiki.fc2.com/wiki/JR%E4%BA%94%E8%83%BD%E7%B7%9A
JR津軽線,https://ekimemo.wiki.fc2.com/wiki/JR%E6%B4%A5%E8%BB%BD%E7%B7%9A
JR八戸線,https://ekimemo.wiki.fc2.com/wiki/JR%E5%85%AB%E6%88%B8%E7%B7%9A
JR岩泉線,https://ekimemo.wiki.fc2.com/wiki/JR%E5%B2%A9%E6%B3%89%E7%B7%9A
JR大船渡線(ドラゴンレール大船渡線),https://ekimemo.wiki.fc2.com/wiki/JR%E5%A4%A7%E8%88%B9%E6%B8%A1%E7%B7%9A%28%E3%83%89%E3%83%A9%E3%82%B4%E3%83%B3%E3%83%AC%E3%83%BC%E3%83%AB%E5%A4%A7%E8%88%B9%E6%B8%A1%E7%B7%9A%29
JR釜石線(銀河ドリームライン釜石線),https://ekimemo.wiki.fc2.com/wiki/JR%E9%87%9C%E7%9F%B3%E7%B7%9A%28%E9%8A%80%E6%B2%B3%E3%83%89%E3%83%AA%E3%83%BC%E3%83%A0%E3%83%A9%E3%82%A4%E3%83%B3%E9%87%9C%E7%9F%B3%E7%B7%9A%29
JR北上線,https://ekimemo.wiki.fc2.com/wiki/JR%E5%8C%97%E4%B8%8A%E7%B7%9A
JR田沢湖線,https://ekimemo.wiki.fc2.com/wiki/JR%E7%94%B0%E6%B2%A2%E6%B9%96%E7%B7%9A
JR花輪線(十和田八幡平四季彩ライン),https://ekimemo.wiki.fc2.com/wiki/JR%E8%8A%B1%E8%BC%AA%E7%B7%9A%28%E5%8D%81%E5%92%8C%E7%94%B0%E5%85%AB%E5%B9%A1%E5%B9%B3%E5%9B%9B%E5%AD%A3%E5%BD%A9%E3%83%A9%E3%82%A4%E3%83%B3%29
JR山田線,https://ekimemo.wiki.fc2.com/wiki/JR%E5%B1%B1%E7%94%B0%E7%B7%9A
JR羽越本線,https://ekimemo.wiki.fc2.com/wiki/JR%E7%BE%BD%E8%B6%8A%E6%9C%AC%E7%B7%9A
JR男鹿線,https://ekimemo.wiki.fc2.com/wiki/JR%E7%94%B7%E9%B9%BF%E7%B7%9A
JR奥羽本線(山形線)(福島～新庄),https://ekimemo.wiki.fc2.com/wiki/JR%E5%A5%A5%E7%BE%BD%E6%9C%AC%E7%B7%9A%28%E5%B1%B1%E5%BD%A2%E7%B7%9A%29%28%E7%A6%8F%E5%B3%B6%EF%BD%9E%E6%96%B0%E5%BA%84%29
JR仙山線,https://ekimemo.wiki.fc2.com/wiki/JR%E4%BB%99%E5%B1%B1%E7%B7%9A
JR左沢線(フルーツライン左沢線),https://ekimemo.wiki.fc2.com/wiki/JR%E5%B7%A6%E6%B2%A2%E7%B7%9A%28%E3%83%95%E3%83%AB%E3%83%BC%E3%83%84%E3%83%A9%E3%82%A4%E3%83%B3%E5%B7%A6%E6%B2%A2%E7%B7%9A%29
JR米坂線,https://ekimemo.wiki.fc2.com/wiki/JR%E7%B1%B3%E5%9D%82%E7%B7%9A
JR陸羽西線(奥の細道最上川ライン),https://ekimemo.wiki.fc2.com/wiki/JR%E9%99%B8%E7%BE%BD%E8%A5%BF%E7%B7%9A%28%E5%A5%A5%E3%81%AE%E7%B4%B0%E9%81%93%E6%9C%80%E4%B8%8A%E5%B7%9D%E3%83%A9%E3%82%A4%E3%83%B3%29
JR陸羽東線(奥の細道湯けむりライン),https://ekimemo.wiki.fc2.com/wiki/JR%E9%99%B8%E7%BE%BD%E6%9D%B1%E7%B7%9A%28%E5%A5%A5%E3%81%AE%E7%B4%B0%E9%81%93%E6%B9%AF%E3%81%91%E3%82%80%E3%82%8A%E3%83%A9%E3%82%A4%E3%83%B3%29
JR仙石線,https://ekimemo.wiki.fc2.com/wiki/JR%E4%BB%99%E7%9F%B3%E7%B7%9A
JR石巻線,https://ekimemo.wiki.fc2.com/wiki/JR%E7%9F%B3%E5%B7%BB%E7%B7%9A
JR気仙沼線,https://ekimemo.wiki.fc2.com/wiki/JR%E6%B0%97%E4%BB%99%E6%B2%BC%E7%B7%9A
JR磐越西線(郡山～会津若松),https://ekimemo.wiki.fc2.com/wiki/JR%E7%A3%90%E8%B6%8A%E8%A5%BF%E7%B7%9A%28%E9%83%A1%E5%B1%B1%EF%BD%9E%E4%BC%9A%E6%B4%A5%E8%8B%A5%E6%9D%BE%29
JR磐越西線(森と水とロマンの鉄道),https://ekimemo.wiki.fc2.com/wiki/JR%E7%A3%90%E8%B6%8A%E8%A5%BF%E7%B7%9A%28%E6%A3%AE%E3%81%A8%E6%B0%B4%E3%81%A8%E3%83%AD%E3%83%9E%E3%83%B3%E3%81%AE%E9%89%84%E9%81%93%29
JR只見線,https://ekimemo.wiki.fc2.com/wiki/JR%E5%8F%AA%E8%A6%8B%E7%B7%9A
JR磐越東線(ゆうゆうあぶくまライン),https://ekimemo.wiki.fc2.com/wiki/JR%E7%A3%90%E8%B6%8A%E6%9D%B1%E7%B7%9A%28%E3%82%86%E3%81%86%E3%82%86%E3%81%86%E3%81%82%E3%81%B6%E3%81%8F%E3%81%BE%E3%83%A9%E3%82%A4%E3%83%B3%29
JR常磐線(取手～いわき),https://ekimemo.wiki.fc2.com/wiki/JR%E5%B8%B8%E7%A3%90%E7%B7%9A%28%E5%8F%96%E6%89%8B%EF%BD%9E%E3%81%84%E3%82%8F%E3%81%8D%29
JR常磐線(いわき～仙台),https://ekimemo.wiki.fc2.com/wiki/JR%E5%B8%B8%E7%A3%90%E7%B7%9A%28%E3%81%84%E3%82%8F%E3%81%8D%EF%BD%9E%E4%BB%99%E5%8F%B0%29
JR東北本線(黒磯～利府・盛岡),https://ekimemo.wiki.fc2.com/wiki/JR%E6%9D%B1%E5%8C%97%E6%9C%AC%E7%B7%9A%28%E9%BB%92%E7%A3%AF%EF%BD%9E%E5%88%A9%E5%BA%9C%E3%83%BB%E7%9B%9B%E5%B2%A1%29
JR東海道本線(東京～熱海),https://ekimemo.wiki.fc2.com/wiki/JR%E6%9D%B1%E6%B5%B7%E9%81%93%E6%9C%AC%E7%B7%9A%28%E6%9D%B1%E4%BA%AC%EF%BD%9E%E7%86%B1%E6%B5%B7%29
JR山手線,https://ekimemo.wiki.fc2.com/wiki/JR%E5%B1%B1%E6%89%8B%E7%B7%9A
JR南武線,https://ekimemo.wiki.fc2.com/wiki/JR%E5%8D%97%E6%AD%A6%E7%B7%9A
JR鶴見線,https://ekimemo.wiki.fc2.com/wiki/JR%E9%B6%B4%E8%A6%8B%E7%B7%9A
JR武蔵野線,https://ekimemo.wiki.fc2.com/wiki/JR%E6%AD%A6%E8%94%B5%E9%87%8E%E7%B7%9A
JR横浜線,https://ekimemo.wiki.fc2.com/wiki/JR%E6%A8%AA%E6%B5%9C%E7%B7%9A
JR根岸線,https://ekimemo.wiki.fc2.com/wiki/JR%E6%A0%B9%E5%B2%B8%E7%B7%9A
JR横須賀線,https://ekimemo.wiki.fc2.com/wiki/JR%E6%A8%AA%E9%A0%88%E8%B3%80%E7%B7%9A
JR相模線,https://ekimemo.wiki.fc2.com/wiki/JR%E7%9B%B8%E6%A8%A1%E7%B7%9A
JR中央本線(東京～塩尻),https://ekimemo.wiki.fc2.com/wiki/JR%E4%B8%AD%E5%A4%AE%E6%9C%AC%E7%B7%9A%28%E6%9D%B1%E4%BA%AC%EF%BD%9E%E5%A1%A9%E5%B0%BB%29
JR中央線(快速),https://ekimemo.wiki.fc2.com/wiki/JR%E4%B8%AD%E5%A4%AE%E7%B7%9A%28%E5%BF%AB%E9%80%9F%29
JR中央・総武線,https://ekimemo.wiki.fc2.com/wiki/JR%E4%B8%AD%E5%A4%AE%E3%83%BB%E7%B7%8F%E6%AD%A6%E7%B7%9A
JR総武本線,https://ekimemo.wiki.fc2.com/wiki/JR%E7%B7%8F%E6%AD%A6%E6%9C%AC%E7%B7%9A
JR青梅線,https://ekimemo.wiki.fc2.com/wiki/JR%E9%9D%92%E6%A2%85%E7%B7%9A
JR五日市線,https://ekimemo.wiki.fc2.com/wiki/JR%E4%BA%94%E6%97%A5%E5%B8%82%E7%B7%9A
JR八高線(八王子～高麗川),https://ekimemo.wiki.fc2.com/wiki/JR%E5%85%AB%E9%AB%98%E7%B7%9A%28%E5%85%AB%E7%8E%8B%E5%AD%90%EF%BD%9E%E9%AB%98%E9%BA%97%E5%B7%9D%29
JR八高線(高麗川～高崎),https://ekimemo.wiki.fc2.com/wiki/JR%E5%85%AB%E9%AB%98%E7%B7%9A%28%E9%AB%98%E9%BA%97%E5%B7%9D%EF%BD%9E%E9%AB%98%E5%B4%8E%29
JR東北本線(宇都宮線),https://ekimemo.wiki.fc2.com/wiki/JR%E6%9D%B1%E5%8C%97%E6%9C%AC%E7%B7%9A%28%E5%AE%87%E9%83%BD%E5%AE%AE%E7%B7%9A%29
JR常磐線(上野～取手),https://ekimemo.wiki.fc2.com/wiki/JR%E5%B8%B8%E7%A3%90%E7%B7%9A%28%E4%B8%8A%E9%87%8E%EF%BD%9E%E5%8F%96%E6%89%8B%29
JR埼京線,https://ekimemo.wiki.fc2.com/wiki/JR%E5%9F%BC%E4%BA%AC%E7%B7%9A
JR川越線,https://ekimemo.wiki.fc2.com/wiki/JR%E5%B7%9D%E8%B6%8A%E7%B7%9A
JR高崎線,https://ekimemo.wiki.fc2.com/wiki/JR%E9%AB%98%E5%B4%8E%E7%B7%9A
JR外房線,https://ekimemo.wiki.fc2.com/wiki/JR%E5%A4%96%E6%88%BF%E7%B7%9A
JR内房線,https://ekimemo.wiki.fc2.com/wiki/JR%E5%86%85%E6%88%BF%E7%B7%9A
JR京葉線,https://ekimemo.wiki.fc2.com/wiki/JR%E4%BA%AC%E8%91%89%E7%B7%9A
JR成田線,https://ekimemo.wiki.fc2.com/wiki/JR%E6%88%90%E7%94%B0%E7%B7%9A
JR成田エクスプレス,https://ekimemo.wiki.fc2.com/wiki/JR%E6%88%90%E7%94%B0%E3%82%A8%E3%82%AF%E3%82%B9%E3%83%97%E3%83%AC%E3%82%B9
JR鹿島線,https://ekimemo.wiki.fc2.com/wiki/JR%E9%B9%BF%E5%B3%B6%E7%B7%9A
JR久留里線,https://ekimemo.wiki.fc2.com/wiki/JR%E4%B9%85%E7%95%99%E9%87%8C%E7%B7%9A
JR東金線,https://ekimemo.wiki.fc2.com/wiki/JR%E6%9D%B1%E9%87%91%E7%B7%9A
JR京浜東北線,https://ekimemo.wiki.fc2.com/wiki/JR%E4%BA%AC%E6%B5%9C%E6%9D%B1%E5%8C%97%E7%B7%9A
JR湘南新宿ライン,https://ekimemo.wiki.fc2.com/wiki/JR%E6%B9%98%E5%8D%97%E6%96%B0%E5%AE%BF%E3%83%A9%E3%82%A4%E3%83%B3
JR烏山線,https://ekimemo.wiki.fc2.com/wiki/JR%E7%83%8F%E5%B1%B1%E7%B7%9A
JR吾妻線,https://ekimemo.wiki.fc2.com/wiki/JR%E5%90%BE%E5%A6%BB%E7%B7%9A
JR信越本線,https://ekimemo.wiki.fc2.com/wiki/JR%E4%BF%A1%E8%B6%8A%E6%9C%AC%E7%B7%9A
JR水郡線,https://ekimemo.wiki.fc2.com/wiki/JR%E6%B0%B4%E9%83%A1%E7%B7%9A
JR水戸線,https://ekimemo.wiki.fc2.com/wiki/JR%E6%B0%B4%E6%88%B8%E7%B7%9A
JR日光線,https://ekimemo.wiki.fc2.com/wiki/JR%E6%97%A5%E5%85%89%E7%B7%9A
JR両毛線,https://ekimemo.wiki.fc2.com/wiki/JR%E4%B8%A1%E6%AF%9B%E7%B7%9A
JR上越線,https://ekimemo.wiki.fc2.com/wiki/JR%E4%B8%8A%E8%B6%8A%E7%B7%9A
JR小海線(八ヶ岳高原線),https://ekimemo.wiki.fc2.com/wiki/JR%E5%B0%8F%E6%B5%B7%E7%B7%9A%28%E5%85%AB%E3%83%B6%E5%B2%B3%E9%AB%98%E5%8E%9F%E7%B7%9A%29
JR身延線,https://ekimemo.wiki.fc2.com/wiki/JR%E8%BA%AB%E5%BB%B6%E7%B7%9A
JR信越本線(篠ノ井～長野),https://ekimemo.wiki.fc2.com/wiki/JR%E4%BF%A1%E8%B6%8A%E6%9C%AC%E7%B7%9A%28%E7%AF%A0%E3%83%8E%E4%BA%95%EF%BD%9E%E9%95%B7%E9%87%8E%29
JR信越本線(直江津～新潟),https://ekimemo.wiki.fc2.com/wiki/JR%E4%BF%A1%E8%B6%8A%E6%9C%AC%E7%B7%9A%28%E7%9B%B4%E6%B1%9F%E6%B4%A5%EF%BD%9E%E6%96%B0%E6%BD%9F%29
JR北陸本線(富山～直江津),https://ekimemo.wiki.fc2.com/wiki/JR%E5%8C%97%E9%99%B8%E6%9C%AC%E7%B7%9A%28%E5%AF%8C%E5%B1%B1%EF%BD%9E%E7%9B%B4%E6%B1%9F%E6%B4%A5%29
JR白新線,https://ekimemo.wiki.fc2.com/wiki/JR%E7%99%BD%E6%96%B0%E7%B7%9A
JR飯山線,https://ekimemo.wiki.fc2.com/wiki/JR%E9%A3%AF%E5%B1%B1%E7%B7%9A
JR越後線,https://ekimemo.wiki.fc2.com/wiki/JR%E8%B6%8A%E5%BE%8C%E7%B7%9A
JR大糸線,https://ekimemo.wiki.fc2.com/wiki/JR%E5%A4%A7%E7%B3%B8%E7%B7%9A
JR弥彦線,https://ekimemo.wiki.fc2.com/wiki/JR%E5%BC%A5%E5%BD%A6%E7%B7%9A
JR中央本線(名古屋～塩尻),https://ekimemo.wiki.fc2.com/wiki/JR%E4%B8%AD%E5%A4%AE%E6%9C%AC%E7%B7%9A%28%E5%90%8D%E5%8F%A4%E5%B1%8B%EF%BD%9E%E5%A1%A9%E5%B0%BB%29
JR篠ノ井線,https://ekimemo.wiki.fc2.com/wiki/JR%E7%AF%A0%E3%83%8E%E4%BA%95%E7%B7%9A
JR飯田線(豊橋～天竜峡),https://ekimemo.wiki.fc2.com/wiki/JR%E9%A3%AF%E7%94%B0%E7%B7%9A%28%E8%B1%8A%E6%A9%8B%EF%BD%9E%E5%A4%A9%E7%AB%9C%E5%B3%A1%29
JR飯田線(天竜峡～辰野),https://ekimemo.wiki.fc2.com/wiki/JR%E9%A3%AF%E7%94%B0%E7%B7%9A%28%E5%A4%A9%E7%AB%9C%E5%B3%A1%EF%BD%9E%E8%BE%B0%E9%87%8E%29
JR北陸本線(米原～金沢),https://ekimemo.wiki.fc2.com/wiki/JR%E5%8C%97%E9%99%B8%E6%9C%AC%E7%B7%9A%28%E7%B1%B3%E5%8E%9F%EF%BD%9E%E9%87%91%E6%B2%A2%29
JR高山本線,https://ekimemo.wiki.fc2.com/wiki/JR%E9%AB%98%E5%B1%B1%E6%9C%AC%E7%B7%9A
JR城端線,https://ekimemo.wiki.fc2.com/wiki/JR%E5%9F%8E%E7%AB%AF%E7%B7%9A
JR氷見線,https://ekimemo.wiki.fc2.com/wiki/JR%E6%B0%B7%E8%A6%8B%E7%B7%9A
JR七尾線,https://ekimemo.wiki.fc2.com/wiki/JR%E4%B8%83%E5%B0%BE%E7%B7%9A
JR越美北線(九頭竜線),https://ekimemo.wiki.fc2.com/wiki/JR%E8%B6%8A%E7%BE%8E%E5%8C%97%E7%B7%9A%28%E4%B9%9D%E9%A0%AD%E7%AB%9C%E7%B7%9A%29
JR小浜線,https://ekimemo.wiki.fc2.com/wiki/JR%E5%B0%8F%E6%B5%9C%E7%B7%9A
JR東海道本線(熱海～浜松),https://ekimemo.wiki.fc2.com/wiki/JR%E6%9D%B1%E6%B5%B7%E9%81%93%E6%9C%AC%E7%B7%9A%28%E7%86%B1%E6%B5%B7%EF%BD%9E%E6%B5%9C%E6%9D%BE%29
JR東海道本線(浜松～岐阜),https://ekimemo.wiki.fc2.com/wiki/JR%E6%9D%B1%E6%B5%B7%E9%81%93%E6%9C%AC%E7%B7%9A%28%E6%B5%9C%E6%9D%BE%EF%BD%9E%E5%B2%90%E9%98%9C%29
JR東海道本線(岐阜～美濃赤坂・米原),https://ekimemo.wiki.fc2.com/wiki/JR%E6%9D%B1%E6%B5%B7%E9%81%93%E6%9C%AC%E7%B7%9A%28%E5%B2%90%E9%98%9C%EF%BD%9E%E7%BE%8E%E6%BF%83%E8%B5%A4%E5%9D%82%E3%83%BB%E7%B1%B3%E5%8E%9F%29
JR伊東線,https://ekimemo.wiki.fc2.com/wiki/JR%E4%BC%8A%E6%9D%B1%E7%B7%9A
JR御殿場線,https://ekimemo.wiki.fc2.com/wiki/JR%E5%BE%A1%E6%AE%BF%E5%A0%B4%E7%B7%9A
JR武豊線,https://ekimemo.wiki.fc2.com/wiki/JR%E6%AD%A6%E8%B1%8A%E7%B7%9A
JR太多線,https://ekimemo.wiki.fc2.com/wiki/JR%E5%A4%AA%E5%A4%9A%E7%B7%9A
JR関西本線(名古屋～亀山),https://ekimemo.wiki.fc2.com/wiki/JR%E9%96%A2%E8%A5%BF%E6%9C%AC%E7%B7%9A%28%E5%90%8D%E5%8F%A4%E5%B1%8B%EF%BD%9E%E4%BA%80%E5%B1%B1%29
JR関西本線(亀山～加茂),https://ekimemo.wiki.fc2.com/wiki/JR%E9%96%A2%E8%A5%BF%E6%9C%AC%E7%B7%9A%28%E4%BA%80%E5%B1%B1%EF%BD%9E%E5%8A%A0%E8%8C%82%29
JR紀勢本線,https://ekimemo.wiki.fc2.com/wiki/JR%E7%B4%80%E5%8B%A2%E6%9C%AC%E7%B7%9A
JR草津線,https://ekimemo.wiki.fc2.com/wiki/JR%E8%8D%89%E6%B4%A5%E7%B7%9A
JR参宮線,https://ekimemo.wiki.fc2.com/wiki/JR%E5%8F%82%E5%AE%AE%E7%B7%9A
JR名松線,https://ekimemo.wiki.fc2.com/wiki/JR%E5%90%8D%E6%9D%BE%E7%B7%9A
JR東海道本線(琵琶湖線)(米原～京都),https://ekimemo.wiki.fc2.com/wiki/JR%E6%9D%B1%E6%B5%B7%E9%81%93%E6%9C%AC%E7%B7%9A%28%E7%90%B5%E7%90%B6%E6%B9%96%E7%B7%9A%29%28%E7%B1%B3%E5%8E%9F%EF%BD%9E%E4%BA%AC%E9%83%BD%29
JR東海道本線(京都線)(京都～大阪),https://ekimemo.wiki.fc2.com/wiki/JR%E6%9D%B1%E6%B5%B7%E9%81%93%E6%9C%AC%E7%B7%9A%28%E4%BA%AC%E9%83%BD%E7%B7%9A%29%28%E4%BA%AC%E9%83%BD%EF%BD%9E%E5%A4%A7%E9%98%AA%29
JR東海道本線(神戸線)(大阪～神戸),https://ekimemo.wiki.fc2.com/wiki/JR%E6%9D%B1%E6%B5%B7%E9%81%93%E6%9C%AC%E7%B7%9A%28%E7%A5%9E%E6%88%B8%E7%B7%9A%29%28%E5%A4%A7%E9%98%AA%EF%BD%9E%E7%A5%9E%E6%88%B8%29
JR湖西線,https://ekimemo.wiki.fc2.com/wiki/JR%E6%B9%96%E8%A5%BF%E7%B7%9A
JR関西本線(大和路線)(加茂～ＪＲ難波),https://ekimemo.wiki.fc2.com/wiki/JR%E9%96%A2%E8%A5%BF%E6%9C%AC%E7%B7%9A%28%E5%A4%A7%E5%92%8C%E8%B7%AF%E7%B7%9A%29%28%E5%8A%A0%E8%8C%82%EF%BD%9E%EF%BC%AA%EF%BC%B2%E9%9B%A3%E6%B3%A2%29
JR山陽本線(神戸線)(神戸～姫路),https://ekimemo.wiki.fc2.com/wiki/JR%E5%B1%B1%E9%99%BD%E6%9C%AC%E7%B7%9A%28%E7%A5%9E%E6%88%B8%E7%B7%9A%29%28%E7%A5%9E%E6%88%B8%EF%BD%9E%E5%A7%AB%E8%B7%AF%29
JR山陽本線(姫路～岡山),https://ekimemo.wiki.fc2.com/wiki/JR%E5%B1%B1%E9%99%BD%E6%9C%AC%E7%B7%9A%28%E5%A7%AB%E8%B7%AF%EF%BD%9E%E5%B2%A1%E5%B1%B1%29
JR山陽本線(岡山～三原),https://ekimemo.wiki.fc2.com/wiki/JR%E5%B1%B1%E9%99%BD%E6%9C%AC%E7%B7%9A%28%E5%B2%A1%E5%B1%B1%EF%BD%9E%E4%B8%89%E5%8E%9F%29
JR山陽本線(三原～岩国),https://ekimemo.wiki.fc2.com/wiki/JR%E5%B1%B1%E9%99%BD%E6%9C%AC%E7%B7%9A%28%E4%B8%89%E5%8E%9F%EF%BD%9E%E5%B2%A9%E5%9B%BD%29
JR山陽本線(岩国～門司),https://ekimemo.wiki.fc2.com/wiki/JR%E5%B1%B1%E9%99%BD%E6%9C%AC%E7%B7%9A%28%E5%B2%A9%E5%9B%BD%EF%BD%9E%E9%96%80%E5%8F%B8%29
JR山陽本線(兵庫～和田岬),https://ekimemo.wiki.fc2.com/wiki/JR%E5%B1%B1%E9%99%BD%E6%9C%AC%E7%B7%9A%28%E5%85%B5%E5%BA%AB%EF%BD%9E%E5%92%8C%E7%94%B0%E5%B2%AC%29
JR山陰本線(嵯峨野線)(京都～園部),https://ekimemo.wiki.fc2.com/wiki/JR%E5%B1%B1%E9%99%B0%E6%9C%AC%E7%B7%9A%28%E5%B5%AF%E5%B3%A8%E9%87%8E%E7%B7%9A%29%28%E4%BA%AC%E9%83%BD%EF%BD%9E%E5%9C%92%E9%83%A8%29
JR山陰本線(園部～豊岡),https://ekimemo.wiki.fc2.com/wiki/JR%E5%B1%B1%E9%99%B0%E6%9C%AC%E7%B7%9A%28%E5%9C%92%E9%83%A8%EF%BD%9E%E8%B1%8A%E5%B2%A1%29
JR山陰本線(豊岡～米子),https://ekimemo.wiki.fc2.com/wiki/JR%E5%B1%B1%E9%99%B0%E6%9C%AC%E7%B7%9A%28%E8%B1%8A%E5%B2%A1%EF%BD%9E%E7%B1%B3%E5%AD%90%29
JR片町線(学研都市線),https://ekimemo.wiki.fc2.com/wiki/JR%E7%89%87%E7%94%BA%E7%B7%9A%28%E5%AD%A6%E7%A0%94%E9%83%BD%E5%B8%82%E7%B7%9A%29
JR奈良線,https://ekimemo.wiki.fc2.com/wiki/JR%E5%A5%88%E8%89%AF%E7%B7%9A
JR舞鶴線,https://ekimemo.wiki.fc2.com/wiki/JR%E8%88%9E%E9%B6%B4%E7%B7%9A
JR大阪環状線,https://ekimemo.wiki.fc2.com/wiki/JR%E5%A4%A7%E9%98%AA%E7%92%B0%E7%8A%B6%E7%B7%9A
JR桜島線(ゆめ咲線),https://ekimemo.wiki.fc2.com/wiki/JR%E6%A1%9C%E5%B3%B6%E7%B7%9A%28%E3%82%86%E3%82%81%E5%92%B2%E7%B7%9A%29
JR東西線,https://ekimemo.wiki.fc2.com/wiki/JR%E6%9D%B1%E8%A5%BF%E7%B7%9A
JR阪和線(天王寺～和歌山),https://ekimemo.wiki.fc2.com/wiki/JR%E9%98%AA%E5%92%8C%E7%B7%9A%28%E5%A4%A9%E7%8E%8B%E5%AF%BA%EF%BD%9E%E5%92%8C%E6%AD%8C%E5%B1%B1%29
JR阪和線(鳳～東羽衣),https://ekimemo.wiki.fc2.com/wiki/JR%E9%98%AA%E5%92%8C%E7%B7%9A%28%E9%B3%B3%EF%BD%9E%E6%9D%B1%E7%BE%BD%E8%A1%A3%29
JR関西空港線,https://ekimemo.wiki.fc2.com/wiki/JR%E9%96%A2%E8%A5%BF%E7%A9%BA%E6%B8%AF%E7%B7%9A
JR福知山線(宝塚線)(新大阪～篠山口),https://ekimemo.wiki.fc2.com/wiki/JR%E7%A6%8F%E7%9F%A5%E5%B1%B1%E7%B7%9A%28%E5%AE%9D%E5%A1%9A%E7%B7%9A%29%28%E6%96%B0%E5%A4%A7%E9%98%AA%EF%BD%9E%E7%AF%A0%E5%B1%B1%E5%8F%A3%29
JR福知山線(篠山口～福知山),https://ekimemo.wiki.fc2.com/wiki/JR%E7%A6%8F%E7%9F%A5%E5%B1%B1%E7%B7%9A%28%E7%AF%A0%E5%B1%B1%E5%8F%A3%EF%BD%9E%E7%A6%8F%E7%9F%A5%E5%B1%B1%29
JR赤穂線,https://ekimemo.wiki.fc2.com/wiki/JR%E8%B5%A4%E7%A9%82%E7%B7%9A
JR加古川線,https://ekimemo.wiki.fc2.com/wiki/JR%E5%8A%A0%E5%8F%A4%E5%B7%9D%E7%B7%9A
JR姫新線(姫路～佐用),https://ekimemo.wiki.fc2.com/wiki/JR%E5%A7%AB%E6%96%B0%E7%B7%9A%28%E5%A7%AB%E8%B7%AF%EF%BD%9E%E4%BD%90%E7%94%A8%29
JR姫新線(佐用～新見),https://ekimemo.wiki.fc2.com/wiki/JR%E5%A7%AB%E6%96%B0%E7%B7%9A%28%E4%BD%90%E7%94%A8%EF%BD%9E%E6%96%B0%E8%A6%8B%29
JR播但線,https://ekimemo.wiki.fc2.com/wiki/JR%E6%92%AD%E4%BD%86%E7%B7%9A
JR和歌山線,https://ekimemo.wiki.fc2.com/wiki/JR%E5%92%8C%E6%AD%8C%E5%B1%B1%E7%B7%9A
JR桜井線,https://ekimemo.wiki.fc2.com/wiki/JR%E6%A1%9C%E4%BA%95%E7%B7%9A
JR紀勢本線(きのくに線)(新宮～和歌山),https://ekimemo.wiki.fc2.com/wiki/JR%E7%B4%80%E5%8B%A2%E6%9C%AC%E7%B7%9A%28%E3%81%8D%E3%81%AE%E3%81%8F%E3%81%AB%E7%B7%9A%29%28%E6%96%B0%E5%AE%AE%EF%BD%9E%E5%92%8C%E6%AD%8C%E5%B1%B1%29
JR紀勢本線(和歌山～和歌山市),https://ekimemo.wiki.fc2.com/wiki/JR%E7%B4%80%E5%8B%A2%E6%9C%AC%E7%B7%9A%28%E5%92%8C%E6%AD%8C%E5%B1%B1%EF%BD%9E%E5%92%8C%E6%AD%8C%E5%B1%B1%E5%B8%82%29
JRおおさか東線,https://ekimemo.wiki.fc2.com/wiki/JR%E3%81%8A%E3%81%8A%E3%81%95%E3%81%8B%E6%9D%B1%E7%B7%9A
JR山陰本線(米子～益田),https://ekimemo.wiki.fc2.com/wiki/JR%E5%B1%B1%E9%99%B0%E6%9C%AC%E7%B7%9A%28%E7%B1%B3%E5%AD%90%EF%BD%9E%E7%9B%8A%E7%94%B0%29
JR山陰本線(益田～下関),https://ekimemo.wiki.fc2.com/wiki/JR%E5%B1%B1%E9%99%B0%E6%9C%AC%E7%B7%9A%28%E7%9B%8A%E7%94%B0%EF%BD%9E%E4%B8%8B%E9%96%A2%29
JR伯備線,https://ekimemo.wiki.fc2.com/wiki/JR%E4%BC%AF%E5%82%99%E7%B7%9A
JR因美線,https://ekimemo.wiki.fc2.com/wiki/JR%E5%9B%A0%E7%BE%8E%E7%B7%9A
JR境線,https://ekimemo.wiki.fc2.com/wiki/JR%E5%A2%83%E7%B7%9A
JR木次線,https://ekimemo.wiki.fc2.com/wiki/JR%E6%9C%A8%E6%AC%A1%E7%B7%9A
JR三江線,https://ekimemo.wiki.fc2.com/wiki/JR%E4%B8%89%E6%B1%9F%E7%B7%9A
JR山口線,https://ekimemo.wiki.fc2.com/wiki/JR%E5%B1%B1%E5%8F%A3%E7%B7%9A
JR宇野線,https://ekimemo.wiki.fc2.com/wiki/JR%E5%AE%87%E9%87%8E%E7%B7%9A
JR本四備讃線(瀬戸大橋線),https://ekimemo.wiki.fc2.com/wiki/JR%E6%9C%AC%E5%9B%9B%E5%82%99%E8%AE%83%E7%B7%9A%28%E7%80%AC%E6%88%B8%E5%A4%A7%E6%A9%8B%E7%B7%9A%29
JR吉備線,https://ekimemo.wiki.fc2.com/wiki/JR%E5%90%89%E5%82%99%E7%B7%9A
JR芸備線,https://ekimemo.wiki.fc2.com/wiki/JR%E8%8A%B8%E5%82%99%E7%B7%9A
JR津山線,https://ekimemo.wiki.fc2.com/wiki/JR%E6%B4%A5%E5%B1%B1%E7%B7%9A
JR呉線,https://ekimemo.wiki.fc2.com/wiki/JR%E5%91%89%E7%B7%9A
JR可部線,https://ekimemo.wiki.fc2.com/wiki/JR%E5%8F%AF%E9%83%A8%E7%B7%9A
JR福塩線,https://ekimemo.wiki.fc2.com/wiki/JR%E7%A6%8F%E5%A1%A9%E7%B7%9A
JR宇部線,https://ekimemo.wiki.fc2.com/wiki/JR%E5%AE%87%E9%83%A8%E7%B7%9A
JR美祢線,https://ekimemo.wiki.fc2.com/wiki/JR%E7%BE%8E%E7%A5%A2%E7%B7%9A
JR小野田線,https://ekimemo.wiki.fc2.com/wiki/JR%E5%B0%8F%E9%87%8E%E7%94%B0%E7%B7%9A
JR岩徳線,https://ekimemo.wiki.fc2.com/wiki/JR%E5%B2%A9%E5%BE%B3%E7%B7%9A
JR土讃線,https://ekimemo.wiki.fc2.com/wiki/JR%E5%9C%9F%E8%AE%83%E7%B7%9A
JR高徳線,https://ekimemo.wiki.fc2.com/wiki/JR%E9%AB%98%E5%BE%B3%E7%B7%9A
JR徳島線(よしの川ブルーライン),https://ekimemo.wiki.fc2.com/wiki/JR%E5%BE%B3%E5%B3%B6%E7%B7%9A%28%E3%82%88%E3%81%97%E3%81%AE%E5%B7%9D%E3%83%96%E3%83%AB%E3%83%BC%E3%83%A9%E3%82%A4%E3%83%B3%29
JR牟岐線,https://ekimemo.wiki.fc2.com/wiki/JR%E7%89%9F%E5%B2%90%E7%B7%9A
JR鳴門線,https://ekimemo.wiki.fc2.com/wiki/JR%E9%B3%B4%E9%96%80%E7%B7%9A
JR予讃線,https://ekimemo.wiki.fc2.com/wiki/JR%E4%BA%88%E8%AE%83%E7%B7%9A
JR予讃・内子線,https://ekimemo.wiki.fc2.com/wiki/JR%E4%BA%88%E8%AE%83%E3%83%BB%E5%86%85%E5%AD%90%E7%B7%9A
JR予土線(しまんとグリーンライン),https://ekimemo.wiki.fc2.com/wiki/JR%E4%BA%88%E5%9C%9F%E7%B7%9A%28%E3%81%97%E3%81%BE%E3%82%93%E3%81%A8%E3%82%B0%E3%83%AA%E3%83%BC%E3%83%B3%E3%83%A9%E3%82%A4%E3%83%B3%29
JR博多南線,https://ekimemo.wiki.fc2.com/wiki/JR%E5%8D%9A%E5%A4%9A%E5%8D%97%E7%B7%9A
JR鹿児島本線(下関・門司港～博多),https://ekimemo.wiki.fc2.com/wiki/JR%E9%B9%BF%E5%85%90%E5%B3%B6%E6%9C%AC%E7%B7%9A%28%E4%B8%8B%E9%96%A2%E3%83%BB%E9%96%80%E5%8F%B8%E6%B8%AF%EF%BD%9E%E5%8D%9A%E5%A4%9A%29
JR鹿児島本線(博多～八代),https://ekimemo.wiki.fc2.com/wiki/JR%E9%B9%BF%E5%85%90%E5%B3%B6%E6%9C%AC%E7%B7%9A%28%E5%8D%9A%E5%A4%9A%EF%BD%9E%E5%85%AB%E4%BB%A3%29
JR鹿児島本線(川内～鹿児島),https://ekimemo.wiki.fc2.com/wiki/JR%E9%B9%BF%E5%85%90%E5%B3%B6%E6%9C%AC%E7%B7%9A%28%E5%B7%9D%E5%86%85%EF%BD%9E%E9%B9%BF%E5%85%90%E5%B3%B6%29
JR長崎本線(鳥栖～長崎),https://ekimemo.wiki.fc2.com/wiki/JR%E9%95%B7%E5%B4%8E%E6%9C%AC%E7%B7%9A%28%E9%B3%A5%E6%A0%96%EF%BD%9E%E9%95%B7%E5%B4%8E%29
JR日豊本線(門司港～佐伯),https://ekimemo.wiki.fc2.com/wiki/JR%E6%97%A5%E8%B1%8A%E6%9C%AC%E7%B7%9A%28%E9%96%80%E5%8F%B8%E6%B8%AF%EF%BD%9E%E4%BD%90%E4%BC%AF%29
JR日豊本線(佐伯～鹿児島中央),https://ekimemo.wiki.fc2.com/wiki/JR%E6%97%A5%E8%B1%8A%E6%9C%AC%E7%B7%9A%28%E4%BD%90%E4%BC%AF%EF%BD%9E%E9%B9%BF%E5%85%90%E5%B3%B6%E4%B8%AD%E5%A4%AE%29
JR篠栗線(福北ゆたか線),https://ekimemo.wiki.fc2.com/wiki/JR%E7%AF%A0%E6%A0%97%E7%B7%9A%28%E7%A6%8F%E5%8C%97%E3%82%86%E3%81%9F%E3%81%8B%E7%B7%9A%29
JR筑肥線(姪浜～西唐津),https://ekimemo.wiki.fc2.com/wiki/JR%E7%AD%91%E8%82%A5%E7%B7%9A%28%E5%A7%AA%E6%B5%9C%EF%BD%9E%E8%A5%BF%E5%94%90%E6%B4%A5%29
JR筑豊本線(若松線)(若松～折尾),https://ekimemo.wiki.fc2.com/wiki/JR%E7%AD%91%E8%B1%8A%E6%9C%AC%E7%B7%9A%28%E8%8B%A5%E6%9D%BE%E7%B7%9A%29%28%E8%8B%A5%E6%9D%BE%EF%BD%9E%E6%8A%98%E5%B0%BE%29
JR筑豊本線(福北ゆたか線)(折尾～桂川),https://ekimemo.wiki.fc2.com/wiki/JR%E7%AD%91%E8%B1%8A%E6%9C%AC%E7%B7%9A%28%E7%A6%8F%E5%8C%97%E3%82%86%E3%81%9F%E3%81%8B%E7%B7%9A%29%28%E6%8A%98%E5%B0%BE%EF%BD%9E%E6%A1%82%E5%B7%9D%29
JR筑豊本線(原田線)(桂川～原田),https://ekimemo.wiki.fc2.com/wiki/JR%E7%AD%91%E8%B1%8A%E6%9C%AC%E7%B7%9A%28%E5%8E%9F%E7%94%B0%E7%B7%9A%29%28%E6%A1%82%E5%B7%9D%EF%BD%9E%E5%8E%9F%E7%94%B0%29
JR久大本線(ゆふ高原線),https://ekimemo.wiki.fc2.com/wiki/JR%E4%B9%85%E5%A4%A7%E6%9C%AC%E7%B7%9A%28%E3%82%86%E3%81%B5%E9%AB%98%E5%8E%9F%E7%B7%9A%29
JR日田彦山線,https://ekimemo.wiki.fc2.com/wiki/JR%E6%97%A5%E7%94%B0%E5%BD%A6%E5%B1%B1%E7%B7%9A
JR後藤寺線,https://ekimemo.wiki.fc2.com/wiki/JR%E5%BE%8C%E8%97%A4%E5%AF%BA%E7%B7%9A
JR香椎線(海の中道線)(西戸崎～香椎),https://ekimemo.wiki.fc2.com/wiki/JR%E9%A6%99%E6%A4%8E%E7%B7%9A%28%E6%B5%B7%E3%81%AE%E4%B8%AD%E9%81%93%E7%B7%9A%29%28%E8%A5%BF%E6%88%B8%E5%B4%8E%EF%BD%9E%E9%A6%99%E6%A4%8E%29
JR香椎線(香椎～宇美),https://ekimemo.wiki.fc2.com/wiki/JR%E9%A6%99%E6%A4%8E%E7%B7%9A%28%E9%A6%99%E6%A4%8E%EF%BD%9E%E5%AE%87%E7%BE%8E%29
JR佐世保線,https://ekimemo.wiki.fc2.com/wiki/JR%E4%BD%90%E4%B8%96%E4%BF%9D%E7%B7%9A
JR筑肥線(西唐津～伊万里),https://ekimemo.wiki.fc2.com/wiki/JR%E7%AD%91%E8%82%A5%E7%B7%9A%28%E8%A5%BF%E5%94%90%E6%B4%A5%EF%BD%9E%E4%BC%8A%E4%B8%87%E9%87%8C%29
JR唐津線,https://ekimemo.wiki.fc2.com/wiki/JR%E5%94%90%E6%B4%A5%E7%B7%9A
JR大村線,https://ekimemo.wiki.fc2.com/wiki/JR%E5%A4%A7%E6%9D%91%E7%B7%9A
JR豊肥本線(阿蘇高原線),https://ekimemo.wiki.fc2.com/wiki/JR%E8%B1%8A%E8%82%A5%E6%9C%AC%E7%B7%9A%28%E9%98%BF%E8%98%87%E9%AB%98%E5%8E%9F%E7%B7%9A%29
JR三角線,https://ekimemo.wiki.fc2.com/wiki/JR%E4%B8%89%E8%A7%92%E7%B7%9A
JR肥薩線(えびの高原線)(八代～吉松),https://ekimemo.wiki.fc2.com/wiki/JR%E8%82%A5%E8%96%A9%E7%B7%9A%28%E3%81%88%E3%81%B3%E3%81%AE%E9%AB%98%E5%8E%9F%E7%B7%9A%29%28%E5%85%AB%E4%BB%A3%EF%BD%9E%E5%90%89%E6%9D%BE%29
JR肥薩線(吉松～隼人),https://ekimemo.wiki.fc2.com/wiki/JR%E8%82%A5%E8%96%A9%E7%B7%9A%28%E5%90%89%E6%9D%BE%EF%BD%9E%E9%9A%BC%E4%BA%BA%29
JR宮崎空港線,https://ekimemo.wiki.fc2.com/wiki/JR%E5%AE%AE%E5%B4%8E%E7%A9%BA%E6%B8%AF%E7%B7%9A
JR日南線,https://ekimemo.wiki.fc2.com/wiki/JR%E6%97%A5%E5%8D%97%E7%B7%9A
JR吉都線(えびの高原線),https://ekimemo.wiki.fc2.com/wiki/JR%E5%90%89%E9%83%BD%E7%B7%9A%28%E3%81%88%E3%81%B3%E3%81%AE%E9%AB%98%E5%8E%9F%E7%B7%9A%29
JR指宿枕崎線,https://ekimemo.wiki.fc2.com/wiki/JR%E6%8C%87%E5%AE%BF%E6%9E%95%E5%B4%8E%E7%B7%9A
東武東上線,https://ekimemo.wiki.fc2.com/wiki/%E6%9D%B1%E6%AD%A6%E6%9D%B1%E4%B8%8A%E7%B7%9A
東武伊勢崎線,https://ekimemo.wiki.fc2.com/wiki/%E6%9D%B1%E6%AD%A6%E4%BC%8A%E5%8B%A2%E5%B4%8E%E7%B7%9A
東武日光線,https://ekimemo.wiki.fc2.com/wiki/%E6%9D%B1%E6%AD%A6%E6%97%A5%E5%85%89%E7%B7%9A
東武野田線,https://ekimemo.wiki.fc2.com/wiki/%E6%9D%B1%E6%AD%A6%E9%87%8E%E7%94%B0%E7%B7%9A
東武亀戸線,https://ekimemo.wiki.fc2.com/wiki/%E6%9D%B1%E6%AD%A6%E4%BA%80%E6%88%B8%E7%B7%9A
東武大師線,https://ekimemo.wiki.fc2.com/wiki/%E6%9D%B1%E6%AD%A6%E5%A4%A7%E5%B8%AB%E7%B7%9A
東武越生線,https://ekimemo.wiki.fc2.com/wiki/%E6%9D%B1%E6%AD%A6%E8%B6%8A%E7%94%9F%E7%B7%9A
東武宇都宮線,https://ekimemo.wiki.fc2.com/wiki/%E6%9D%B1%E6%AD%A6%E5%AE%87%E9%83%BD%E5%AE%AE%E7%B7%9A
東武鬼怒川線,https://ekimemo.wiki.fc2.com/wiki/%E6%9D%B1%E6%AD%A6%E9%AC%BC%E6%80%92%E5%B7%9D%E7%B7%9A
東武佐野線,https://ekimemo.wiki.fc2.com/wiki/%E6%9D%B1%E6%AD%A6%E4%BD%90%E9%87%8E%E7%B7%9A
東武桐生線,https://ekimemo.wiki.fc2.com/wiki/%E6%9D%B1%E6%AD%A6%E6%A1%90%E7%94%9F%E7%B7%9A
東武小泉線,https://ekimemo.wiki.fc2.com/wiki/%E6%9D%B1%E6%AD%A6%E5%B0%8F%E6%B3%89%E7%B7%9A
西武池袋線,https://ekimemo.wiki.fc2.com/wiki/%E8%A5%BF%E6%AD%A6%E6%B1%A0%E8%A2%8B%E7%B7%9A
西武秩父線,https://ekimemo.wiki.fc2.com/wiki/%E8%A5%BF%E6%AD%A6%E7%A7%A9%E7%88%B6%E7%B7%9A
西武有楽町線,https://ekimemo.wiki.fc2.com/wiki/%E8%A5%BF%E6%AD%A6%E6%9C%89%E6%A5%BD%E7%94%BA%E7%B7%9A
西武豊島線,https://ekimemo.wiki.fc2.com/wiki/%E8%A5%BF%E6%AD%A6%E8%B1%8A%E5%B3%B6%E7%B7%9A
西武狭山線,https://ekimemo.wiki.fc2.com/wiki/%E8%A5%BF%E6%AD%A6%E7%8B%AD%E5%B1%B1%E7%B7%9A
西武山口線,https://ekimemo.wiki.fc2.com/wiki/%E8%A5%BF%E6%AD%A6%E5%B1%B1%E5%8F%A3%E7%B7%9A
西武新宿線,https://ekimemo.wiki.fc2.com/wiki/%E8%A5%BF%E6%AD%A6%E6%96%B0%E5%AE%BF%E7%B7%9A
西武拝島線,https://ekimemo.wiki.fc2.com/wiki/%E8%A5%BF%E6%AD%A6%E6%8B%9D%E5%B3%B6%E7%B7%9A
西武西武園線,https://ekimemo.wiki.fc2.com/wiki/%E8%A5%BF%E6%AD%A6%E8%A5%BF%E6%AD%A6%E5%9C%92%E7%B7%9A
西武国分寺線,https://ekimemo.wiki.fc2.com/wiki/%E8%A5%BF%E6%AD%A6%E5%9B%BD%E5%88%86%E5%AF%BA%E7%B7%9A
西武多摩湖線,https://ekimemo.wiki.fc2.com/wiki/%E8%A5%BF%E6%AD%A6%E5%A4%9A%E6%91%A9%E6%B9%96%E7%B7%9A
西武多摩川線,https://ekimemo.wiki.fc2.com/wiki/%E8%A5%BF%E6%AD%A6%E5%A4%9A%E6%91%A9%E5%B7%9D%E7%B7%9A
京成本線,https://ekimemo.wiki.fc2.com/wiki/%E4%BA%AC%E6%88%90%E6%9C%AC%E7%B7%9A
京成押上線,https://ekimemo.wiki.fc2.com/wiki/%E4%BA%AC%E6%88%90%E6%8A%BC%E4%B8%8A%E7%B7%9A
京成金町線,https://ekimemo.wiki.fc2.com/wiki/%E4%BA%AC%E6%88%90%E9%87%91%E7%94%BA%E7%B7%9A
京成千葉線,https://ekimemo.wiki.fc2.com/wiki/%E4%BA%AC%E6%88%90%E5%8D%83%E8%91%89%E7%B7%9A
京成千原線,https://ekimemo.wiki.fc2.com/wiki/%E4%BA%AC%E6%88%90%E5%8D%83%E5%8E%9F%E7%B7%9A
京成成田空港線(成田スカイアクセス),https://ekimemo.wiki.fc2.com/wiki/%E4%BA%AC%E6%88%90%E6%88%90%E7%94%B0%E7%A9%BA%E6%B8%AF%E7%B7%9A%28%E6%88%90%E7%94%B0%E3%82%B9%E3%82%AB%E3%82%A4%E3%82%A2%E3%82%AF%E3%82%BB%E3%82%B9%29
京王京王線,https://ekimemo.wiki.fc2.com/wiki/%E4%BA%AC%E7%8E%8B%E4%BA%AC%E7%8E%8B%E7%B7%9A
京王相模原線,https://ekimemo.wiki.fc2.com/wiki/%E4%BA%AC%E7%8E%8B%E7%9B%B8%E6%A8%A1%E5%8E%9F%E7%B7%9A
京王高尾線,https://ekimemo.wiki.fc2.com/wiki/%E4%BA%AC%E7%8E%8B%E9%AB%98%E5%B0%BE%E7%B7%9A
京王競馬場線,https://ekimemo.wiki.fc2.com/wiki/%E4%BA%AC%E7%8E%8B%E7%AB%B6%E9%A6%AC%E5%A0%B4%E7%B7%9A
京王動物園線,https://ekimemo.wiki.fc2.com/wiki/%E4%BA%AC%E7%8E%8B%E5%8B%95%E7%89%A9%E5%9C%92%E7%B7%9A
京王井の頭線,https://ekimemo.wiki.fc2.com/wiki/%E4%BA%AC%E7%8E%8B%E4%BA%95%E3%81%AE%E9%A0%AD%E7%B7%9A
小田急小田原線,https://ekimemo.wiki.fc2.com/wiki/%E5%B0%8F%E7%94%B0%E6%80%A5%E5%B0%8F%E7%94%B0%E5%8E%9F%E7%B7%9A
小田急江ノ島線,https://ekimemo.wiki.fc2.com/wiki/%E5%B0%8F%E7%94%B0%E6%80%A5%E6%B1%9F%E3%83%8E%E5%B3%B6%E7%B7%9A
小田急多摩線,https://ekimemo.wiki.fc2.com/wiki/%E5%B0%8F%E7%94%B0%E6%80%A5%E5%A4%9A%E6%91%A9%E7%B7%9A
東急東横線,https://ekimemo.wiki.fc2.com/wiki/%E6%9D%B1%E6%80%A5%E6%9D%B1%E6%A8%AA%E7%B7%9A
東急目黒線,https://ekimemo.wiki.fc2.com/wiki/%E6%9D%B1%E6%80%A5%E7%9B%AE%E9%BB%92%E7%B7%9A
東急田園都市線,https://ekimemo.wiki.fc2.com/wiki/%E6%9D%B1%E6%80%A5%E7%94%B0%E5%9C%92%E9%83%BD%E5%B8%82%E7%B7%9A
東急大井町線,https://ekimemo.wiki.fc2.com/wiki/%E6%9D%B1%E6%80%A5%E5%A4%A7%E4%BA%95%E7%94%BA%E7%B7%9A
東急池上線,https://ekimemo.wiki.fc2.com/wiki/%E6%9D%B1%E6%80%A5%E6%B1%A0%E4%B8%8A%E7%B7%9A
東急多摩川線,https://ekimemo.wiki.fc2.com/wiki/%E6%9D%B1%E6%80%A5%E5%A4%9A%E6%91%A9%E5%B7%9D%E7%B7%9A
東急世田谷線,https://ekimemo.wiki.fc2.com/wiki/%E6%9D%B1%E6%80%A5%E4%B8%96%E7%94%B0%E8%B0%B7%E7%B7%9A
東急こどもの国線,https://ekimemo.wiki.fc2.com/wiki/%E6%9D%B1%E6%80%A5%E3%81%93%E3%81%A9%E3%82%82%E3%81%AE%E5%9B%BD%E7%B7%9A
京急本線,https://ekimemo.wiki.fc2.com/wiki/%E4%BA%AC%E6%80%A5%E6%9C%AC%E7%B7%9A
京急空港線,https://ekimemo.wiki.fc2.com/wiki/%E4%BA%AC%E6%80%A5%E7%A9%BA%E6%B8%AF%E7%B7%9A
京急大師線,https://ekimemo.wiki.fc2.com/wiki/%E4%BA%AC%E6%80%A5%E5%A4%A7%E5%B8%AB%E7%B7%9A
京急逗子線,https://ekimemo.wiki.fc2.com/wiki/%E4%BA%AC%E6%80%A5%E9%80%97%E5%AD%90%E7%B7%9A
京急久里浜線,https://ekimemo.wiki.fc2.com/wiki/%E4%BA%AC%E6%80%A5%E4%B9%85%E9%87%8C%E6%B5%9C%E7%B7%9A
東京メトロ銀座線,https://ekimemo.wiki.fc2.com/wiki/%E6%9D%B1%E4%BA%AC%E3%83%A1%E3%83%88%E3%83%AD%E9%8A%80%E5%BA%A7%E7%B7%9A
東京メトロ丸ノ内線,https://ekimemo.wiki.fc2.com/wiki/%E6%9D%B1%E4%BA%AC%E3%83%A1%E3%83%88%E3%83%AD%E4%B8%B8%E3%83%8E%E5%86%85%E7%B7%9A
東京メトロ日比谷線,https://ekimemo.wiki.fc2.com/wiki/%E6%9D%B1%E4%BA%AC%E3%83%A1%E3%83%88%E3%83%AD%E6%97%A5%E6%AF%94%E8%B0%B7%E7%B7%9A
東京メトロ東西線,https://ekimemo.wiki.fc2.com/wiki/%E6%9D%B1%E4%BA%AC%E3%83%A1%E3%83%88%E3%83%AD%E6%9D%B1%E8%A5%BF%E7%B7%9A
東京メトロ千代田線,https://ekimemo.wiki.fc2.com/wiki/%E6%9D%B1%E4%BA%AC%E3%83%A1%E3%83%88%E3%83%AD%E5%8D%83%E4%BB%A3%E7%94%B0%E7%B7%9A
東京メトロ有楽町線,https://ekimemo.wiki.fc2.com/wiki/%E6%9D%B1%E4%BA%AC%E3%83%A1%E3%83%88%E3%83%AD%E6%9C%89%E6%A5%BD%E7%94%BA%E7%B7%9A
東京メトロ半蔵門線,https://ekimemo.wiki.fc2.com/wiki/%E6%9D%B1%E4%BA%AC%E3%83%A1%E3%83%88%E3%83%AD%E5%8D%8A%E8%94%B5%E9%96%80%E7%B7%9A
東京メトロ南北線,https://ekimemo.wiki.fc2.com/wiki/%E6%9D%B1%E4%BA%AC%E3%83%A1%E3%83%88%E3%83%AD%E5%8D%97%E5%8C%97%E7%B7%9A
東京メトロ副都心線,https://ekimemo.wiki.fc2.com/wiki/%E6%9D%B1%E4%BA%AC%E3%83%A1%E3%83%88%E3%83%AD%E5%89%AF%E9%83%BD%E5%BF%83%E7%B7%9A
相鉄本線,https://ekimemo.wiki.fc2.com/wiki/%E7%9B%B8%E9%89%84%E6%9C%AC%E7%B7%9A
相鉄いずみ野線,https://ekimemo.wiki.fc2.com/wiki/%E7%9B%B8%E9%89%84%E3%81%84%E3%81%9A%E3%81%BF%E9%87%8E%E7%B7%9A
名鉄名古屋本線,https://ekimemo.wiki.fc2.com/wiki/%E5%90%8D%E9%89%84%E5%90%8D%E5%8F%A4%E5%B1%8B%E6%9C%AC%E7%B7%9A
名鉄豊川線,https://ekimemo.wiki.fc2.com/wiki/%E5%90%8D%E9%89%84%E8%B1%8A%E5%B7%9D%E7%B7%9A
名鉄西尾線,https://ekimemo.wiki.fc2.com/wiki/%E5%90%8D%E9%89%84%E8%A5%BF%E5%B0%BE%E7%B7%9A
名鉄蒲郡線,https://ekimemo.wiki.fc2.com/wiki/%E5%90%8D%E9%89%84%E8%92%B2%E9%83%A1%E7%B7%9A
名鉄三河線,https://ekimemo.wiki.fc2.com/wiki/%E5%90%8D%E9%89%84%E4%B8%89%E6%B2%B3%E7%B7%9A
名鉄豊田線,https://ekimemo.wiki.fc2.com/wiki/%E5%90%8D%E9%89%84%E8%B1%8A%E7%94%B0%E7%B7%9A
名鉄空港線,https://ekimemo.wiki.fc2.com/wiki/%E5%90%8D%E9%89%84%E7%A9%BA%E6%B8%AF%E7%B7%9A
名鉄常滑線,https://ekimemo.wiki.fc2.com/wiki/%E5%90%8D%E9%89%84%E5%B8%B8%E6%BB%91%E7%B7%9A
名鉄河和線,https://ekimemo.wiki.fc2.com/wiki/%E5%90%8D%E9%89%84%E6%B2%B3%E5%92%8C%E7%B7%9A
名鉄知多新線,https://ekimemo.wiki.fc2.com/wiki/%E5%90%8D%E9%89%84%E7%9F%A5%E5%A4%9A%E6%96%B0%E7%B7%9A
名鉄築港線,https://ekimemo.wiki.fc2.com/wiki/%E5%90%8D%E9%89%84%E7%AF%89%E6%B8%AF%E7%B7%9A
名鉄瀬戸線,https://ekimemo.wiki.fc2.com/wiki/%E5%90%8D%E9%89%84%E7%80%AC%E6%88%B8%E7%B7%9A
名鉄津島線,https://ekimemo.wiki.fc2.com/wiki/%E5%90%8D%E9%89%84%E6%B4%A5%E5%B3%B6%E7%B7%9A
名鉄尾西線,https://ekimemo.wiki.fc2.com/wiki/%E5%90%8D%E9%89%84%E5%B0%BE%E8%A5%BF%E7%B7%9A
名鉄犬山線,https://ekimemo.wiki.fc2.com/wiki/%E5%90%8D%E9%89%84%E7%8A%AC%E5%B1%B1%E7%B7%9A
名鉄各務原線,https://ekimemo.wiki.fc2.com/wiki/%E5%90%8D%E9%89%84%E5%90%84%E5%8B%99%E5%8E%9F%E7%B7%9A
名鉄広見線,https://ekimemo.wiki.fc2.com/wiki/%E5%90%8D%E9%89%84%E5%BA%83%E8%A6%8B%E7%B7%9A
名鉄小牧線,https://ekimemo.wiki.fc2.com/wiki/%E5%90%8D%E9%89%84%E5%B0%8F%E7%89%A7%E7%B7%9A
名鉄竹鼻線,https://ekimemo.wiki.fc2.com/wiki/%E5%90%8D%E9%89%84%E7%AB%B9%E9%BC%BB%E7%B7%9A
名鉄羽島線,https://ekimemo.wiki.fc2.com/wiki/%E5%90%8D%E9%89%84%E7%BE%BD%E5%B3%B6%E7%B7%9A
近鉄難波線,https://ekimemo.wiki.fc2.com/wiki/%E8%BF%91%E9%89%84%E9%9B%A3%E6%B3%A2%E7%B7%9A
近鉄橿原線,https://ekimemo.wiki.fc2.com/wiki/%E8%BF%91%E9%89%84%E6%A9%BF%E5%8E%9F%E7%B7%9A
近鉄南大阪線,https://ekimemo.wiki.fc2.com/wiki/%E8%BF%91%E9%89%84%E5%8D%97%E5%A4%A7%E9%98%AA%E7%B7%9A
近鉄大阪線,https://ekimemo.wiki.fc2.com/wiki/%E8%BF%91%E9%89%84%E5%A4%A7%E9%98%AA%E7%B7%9A
近鉄吉野線,https://ekimemo.wiki.fc2.com/wiki/%E8%BF%91%E9%89%84%E5%90%89%E9%87%8E%E7%B7%9A
近鉄湯の山線,https://ekimemo.wiki.fc2.com/wiki/%E8%BF%91%E9%89%84%E6%B9%AF%E3%81%AE%E5%B1%B1%E7%B7%9A
近鉄山田線,https://ekimemo.wiki.fc2.com/wiki/%E8%BF%91%E9%89%84%E5%B1%B1%E7%94%B0%E7%B7%9A
近鉄鳥羽線,https://ekimemo.wiki.fc2.com/wiki/%E8%BF%91%E9%89%84%E9%B3%A5%E7%BE%BD%E7%B7%9A
近鉄天理線,https://ekimemo.wiki.fc2.com/wiki/%E8%BF%91%E9%89%84%E5%A4%A9%E7%90%86%E7%B7%9A
近鉄道明寺線,https://ekimemo.wiki.fc2.com/wiki/%E8%BF%91%E9%89%84%E9%81%93%E6%98%8E%E5%AF%BA%E7%B7%9A
近鉄内部線,https://ekimemo.wiki.fc2.com/wiki/%E8%BF%91%E9%89%84%E5%86%85%E9%83%A8%E7%B7%9A
近鉄八王子線,https://ekimemo.wiki.fc2.com/wiki/%E8%BF%91%E9%89%84%E5%85%AB%E7%8E%8B%E5%AD%90%E7%B7%9A
近鉄志摩線,https://ekimemo.wiki.fc2.com/wiki/%E8%BF%91%E9%89%84%E5%BF%97%E6%91%A9%E7%B7%9A
近鉄生駒線,https://ekimemo.wiki.fc2.com/wiki/%E8%BF%91%E9%89%84%E7%94%9F%E9%A7%92%E7%B7%9A
近鉄田原本線,https://ekimemo.wiki.fc2.com/wiki/%E8%BF%91%E9%89%84%E7%94%B0%E5%8E%9F%E6%9C%AC%E7%B7%9A
近鉄御所線,https://ekimemo.wiki.fc2.com/wiki/%E8%BF%91%E9%89%84%E5%BE%A1%E6%89%80%E7%B7%9A
近鉄鈴鹿線,https://ekimemo.wiki.fc2.com/wiki/%E8%BF%91%E9%89%84%E9%88%B4%E9%B9%BF%E7%B7%9A
近鉄奈良線,https://ekimemo.wiki.fc2.com/wiki/%E8%BF%91%E9%89%84%E5%A5%88%E8%89%AF%E7%B7%9A
近鉄信貴線,https://ekimemo.wiki.fc2.com/wiki/%E8%BF%91%E9%89%84%E4%BF%A1%E8%B2%B4%E7%B7%9A
近鉄長野線,https://ekimemo.wiki.fc2.com/wiki/%E8%BF%91%E9%89%84%E9%95%B7%E9%87%8E%E7%B7%9A
近鉄けいはんな線,https://ekimemo.wiki.fc2.com/wiki/%E8%BF%91%E9%89%84%E3%81%91%E3%81%84%E3%81%AF%E3%82%93%E3%81%AA%E7%B7%9A
近鉄西信貴ケーブル,https://ekimemo.wiki.fc2.com/wiki/%E8%BF%91%E9%89%84%E8%A5%BF%E4%BF%A1%E8%B2%B4%E3%82%B1%E3%83%BC%E3%83%96%E3%83%AB
近鉄京都線,https://ekimemo.wiki.fc2.com/wiki/%E8%BF%91%E9%89%84%E4%BA%AC%E9%83%BD%E7%B7%9A
近鉄生駒ケーブル,https://ekimemo.wiki.fc2.com/wiki/%E8%BF%91%E9%89%84%E7%94%9F%E9%A7%92%E3%82%B1%E3%83%BC%E3%83%96%E3%83%AB
近鉄名古屋線,https://ekimemo.wiki.fc2.com/wiki/%E8%BF%91%E9%89%84%E5%90%8D%E5%8F%A4%E5%B1%8B%E7%B7%9A
南海本線,https://ekimemo.wiki.fc2.com/wiki/%E5%8D%97%E6%B5%B7%E6%9C%AC%E7%B7%9A
南海空港線,https://ekimemo.wiki.fc2.com/wiki/%E5%8D%97%E6%B5%B7%E7%A9%BA%E6%B8%AF%E7%B7%9A
南海和歌山港線,https://ekimemo.wiki.fc2.com/wiki/%E5%8D%97%E6%B5%B7%E5%92%8C%E6%AD%8C%E5%B1%B1%E6%B8%AF%E7%B7%9A
南海高師浜線,https://ekimemo.wiki.fc2.com/wiki/%E5%8D%97%E6%B5%B7%E9%AB%98%E5%B8%AB%E6%B5%9C%E7%B7%9A
南海加太線,https://ekimemo.wiki.fc2.com/wiki/%E5%8D%97%E6%B5%B7%E5%8A%A0%E5%A4%AA%E7%B7%9A
南海多奈川線,https://ekimemo.wiki.fc2.com/wiki/%E5%8D%97%E6%B5%B7%E5%A4%9A%E5%A5%88%E5%B7%9D%E7%B7%9A
南海高野線(りんかんサンライン),https://ekimemo.wiki.fc2.com/wiki/%E5%8D%97%E6%B5%B7%E9%AB%98%E9%87%8E%E7%B7%9A%28%E3%82%8A%E3%82%93%E3%81%8B%E3%82%93%E3%82%B5%E3%83%B3%E3%83%A9%E3%82%A4%E3%83%B3%29
南海高野山ケーブル,https://ekimemo.wiki.fc2.com/wiki/%E5%8D%97%E6%B5%B7%E9%AB%98%E9%87%8E%E5%B1%B1%E3%82%B1%E3%83%BC%E3%83%96%E3%83%AB
南海汐見橋線,https://ekimemo.wiki.fc2.com/wiki/%E5%8D%97%E6%B5%B7%E6%B1%90%E8%A6%8B%E6%A9%8B%E7%B7%9A
京阪本線,https://ekimemo.wiki.fc2.com/wiki/%E4%BA%AC%E9%98%AA%E6%9C%AC%E7%B7%9A
京阪宇治線,https://ekimemo.wiki.fc2.com/wiki/%E4%BA%AC%E9%98%AA%E5%AE%87%E6%B2%BB%E7%B7%9A
京阪交野線,https://ekimemo.wiki.fc2.com/wiki/%E4%BA%AC%E9%98%AA%E4%BA%A4%E9%87%8E%E7%B7%9A
京阪鴨東線,https://ekimemo.wiki.fc2.com/wiki/%E4%BA%AC%E9%98%AA%E9%B4%A8%E6%9D%B1%E7%B7%9A
京阪男山ケーブル,https://ekimemo.wiki.fc2.com/wiki/%E4%BA%AC%E9%98%AA%E7%94%B7%E5%B1%B1%E3%82%B1%E3%83%BC%E3%83%96%E3%83%AB
京阪石山坂本線,https://ekimemo.wiki.fc2.com/wiki/%E4%BA%AC%E9%98%AA%E7%9F%B3%E5%B1%B1%E5%9D%82%E6%9C%AC%E7%B7%9A
京阪京津線,https://ekimemo.wiki.fc2.com/wiki/%E4%BA%AC%E9%98%AA%E4%BA%AC%E6%B4%A5%E7%B7%9A
京阪中之島線,https://ekimemo.wiki.fc2.com/wiki/%E4%BA%AC%E9%98%AA%E4%B8%AD%E4%B9%8B%E5%B3%B6%E7%B7%9A
阪急神戸本線,https://ekimemo.wiki.fc2.com/wiki/%E9%98%AA%E6%80%A5%E7%A5%9E%E6%88%B8%E6%9C%AC%E7%B7%9A
阪急宝塚本線,https://ekimemo.wiki.fc2.com/wiki/%E9%98%AA%E6%80%A5%E5%AE%9D%E5%A1%9A%E6%9C%AC%E7%B7%9A
阪急京都本線,https://ekimemo.wiki.fc2.com/wiki/%E9%98%AA%E6%80%A5%E4%BA%AC%E9%83%BD%E6%9C%AC%E7%B7%9A
阪急今津線,https://ekimemo.wiki.fc2.com/wiki/%E9%98%AA%E6%80%A5%E4%BB%8A%E6%B4%A5%E7%B7%9A
阪急甲陽線,https://ekimemo.wiki.fc2.com/wiki/%E9%98%AA%E6%80%A5%E7%94%B2%E9%99%BD%E7%B7%9A
阪急伊丹線,https://ekimemo.wiki.fc2.com/wiki/%E9%98%AA%E6%80%A5%E4%BC%8A%E4%B8%B9%E7%B7%9A
阪急箕面線,https://ekimemo.wiki.fc2.com/wiki/%E9%98%AA%E6%80%A5%E7%AE%95%E9%9D%A2%E7%B7%9A
阪急千里線,https://ekimemo.wiki.fc2.com/wiki/%E9%98%AA%E6%80%A5%E5%8D%83%E9%87%8C%E7%B7%9A
阪急嵐山線,https://ekimemo.wiki.fc2.com/wiki/%E9%98%AA%E6%80%A5%E5%B5%90%E5%B1%B1%E7%B7%9A
阪神本線,https://ekimemo.wiki.fc2.com/wiki/%E9%98%AA%E7%A5%9E%E6%9C%AC%E7%B7%9A
阪神なんば線,https://ekimemo.wiki.fc2.com/wiki/%E9%98%AA%E7%A5%9E%E3%81%AA%E3%82%93%E3%81%B0%E7%B7%9A
阪神武庫川線,https://ekimemo.wiki.fc2.com/wiki/%E9%98%AA%E7%A5%9E%E6%AD%A6%E5%BA%AB%E5%B7%9D%E7%B7%9A
西鉄天神大牟田線,https://ekimemo.wiki.fc2.com/wiki/%E8%A5%BF%E9%89%84%E5%A4%A9%E7%A5%9E%E5%A4%A7%E7%89%9F%E7%94%B0%E7%B7%9A
西鉄太宰府線,https://ekimemo.wiki.fc2.com/wiki/%E8%A5%BF%E9%89%84%E5%A4%AA%E5%AE%B0%E5%BA%9C%E7%B7%9A
西鉄甘木線,https://ekimemo.wiki.fc2.com/wiki/%E8%A5%BF%E9%89%84%E7%94%98%E6%9C%A8%E7%B7%9A
西鉄貝塚線,https://ekimemo.wiki.fc2.com/wiki/%E8%A5%BF%E9%89%84%E8%B2%9D%E5%A1%9A%E7%B7%9A
札幌市営地下鉄東西線,https://ekimemo.wiki.fc2.com/wiki/%E6%9C%AD%E5%B9%8C%E5%B8%82%E5%96%B6%E5%9C%B0%E4%B8%8B%E9%89%84%E6%9D%B1%E8%A5%BF%E7%B7%9A
札幌市営地下鉄南北線,https://ekimemo.wiki.fc2.com/wiki/%E6%9C%AD%E5%B9%8C%E5%B8%82%E5%96%B6%E5%9C%B0%E4%B8%8B%E9%89%84%E5%8D%97%E5%8C%97%E7%B7%9A
札幌市営地下鉄東豊線,https://ekimemo.wiki.fc2.com/wiki/%E6%9C%AD%E5%B9%8C%E5%B8%82%E5%96%B6%E5%9C%B0%E4%B8%8B%E9%89%84%E6%9D%B1%E8%B1%8A%E7%B7%9A
札幌市電山鼻線,https://ekimemo.wiki.fc2.com/wiki/%E6%9C%AD%E5%B9%8C%E5%B8%82%E9%9B%BB%E5%B1%B1%E9%BC%BB%E7%B7%9A
函館市電２系統,https://ekimemo.wiki.fc2.com/wiki/%E5%87%BD%E9%A4%A8%E5%B8%82%E9%9B%BB%EF%BC%92%E7%B3%BB%E7%B5%B1
函館市電５系統,https://ekimemo.wiki.fc2.com/wiki/%E5%87%BD%E9%A4%A8%E5%B8%82%E9%9B%BB%EF%BC%95%E7%B3%BB%E7%B5%B1
津軽鉄道,https://ekimemo.wiki.fc2.com/wiki/%E6%B4%A5%E8%BB%BD%E9%89%84%E9%81%93
弘南鉄道弘南線,https://ekimemo.wiki.fc2.com/wiki/%E5%BC%98%E5%8D%97%E9%89%84%E9%81%93%E5%BC%98%E5%8D%97%E7%B7%9A
弘南鉄道大鰐線,https://ekimemo.wiki.fc2.com/wiki/%E5%BC%98%E5%8D%97%E9%89%84%E9%81%93%E5%A4%A7%E9%B0%90%E7%B7%9A
十和田観光電鉄,https://ekimemo.wiki.fc2.com/wiki/%E5%8D%81%E5%92%8C%E7%94%B0%E8%A6%B3%E5%85%89%E9%9B%BB%E9%89%84
いわて銀河鉄道,https://ekimemo.wiki.fc2.com/wiki/%E3%81%84%E3%82%8F%E3%81%A6%E9%8A%80%E6%B2%B3%E9%89%84%E9%81%93
青い森鉄道,https://ekimemo.wiki.fc2.com/wiki/%E9%9D%92%E3%81%84%E6%A3%AE%E9%89%84%E9%81%93
三陸鉄道北リアス線,https://ekimemo.wiki.fc2.com/wiki/%E4%B8%89%E9%99%B8%E9%89%84%E9%81%93%E5%8C%97%E3%83%AA%E3%82%A2%E3%82%B9%E7%B7%9A
三陸鉄道南リアス線,https://ekimemo.wiki.fc2.com/wiki/%E4%B8%89%E9%99%B8%E9%89%84%E9%81%93%E5%8D%97%E3%83%AA%E3%82%A2%E3%82%B9%E7%B7%9A
秋田内陸縦貫鉄道,https://ekimemo.wiki.fc2.com/wiki/%E7%A7%8B%E7%94%B0%E5%86%85%E9%99%B8%E7%B8%A6%E8%B2%AB%E9%89%84%E9%81%93
由利高原鉄道,https://ekimemo.wiki.fc2.com/wiki/%E7%94%B1%E5%88%A9%E9%AB%98%E5%8E%9F%E9%89%84%E9%81%93
山形鉄道フラワー長井線,https://ekimemo.wiki.fc2.com/wiki/%E5%B1%B1%E5%BD%A2%E9%89%84%E9%81%93%E3%83%95%E3%83%A9%E3%83%AF%E3%83%BC%E9%95%B7%E4%BA%95%E7%B7%9A
阿武隈急行,https://ekimemo.wiki.fc2.com/wiki/%E9%98%BF%E6%AD%A6%E9%9A%88%E6%80%A5%E8%A1%8C
仙台市営地下鉄南北線,https://ekimemo.wiki.fc2.com/wiki/%E4%BB%99%E5%8F%B0%E5%B8%82%E5%96%B6%E5%9C%B0%E4%B8%8B%E9%89%84%E5%8D%97%E5%8C%97%E7%B7%9A
福島交通飯坂線,https://ekimemo.wiki.fc2.com/wiki/%E7%A6%8F%E5%B3%B6%E4%BA%A4%E9%80%9A%E9%A3%AF%E5%9D%82%E7%B7%9A
会津鉄道,https://ekimemo.wiki.fc2.com/wiki/%E4%BC%9A%E6%B4%A5%E9%89%84%E9%81%93
仙台空港線,https://ekimemo.wiki.fc2.com/wiki/%E4%BB%99%E5%8F%B0%E7%A9%BA%E6%B8%AF%E7%B7%9A
都営大江戸線,https://ekimemo.wiki.fc2.com/wiki/%E9%83%BD%E5%96%B6%E5%A4%A7%E6%B1%9F%E6%88%B8%E7%B7%9A
都営浅草線,https://ekimemo.wiki.fc2.com/wiki/%E9%83%BD%E5%96%B6%E6%B5%85%E8%8D%89%E7%B7%9A
都営三田線,https://ekimemo.wiki.fc2.com/wiki/%E9%83%BD%E5%96%B6%E4%B8%89%E7%94%B0%E7%B7%9A
都営新宿線,https://ekimemo.wiki.fc2.com/wiki/%E9%83%BD%E5%96%B6%E6%96%B0%E5%AE%BF%E7%B7%9A
都営都電荒川線,https://ekimemo.wiki.fc2.com/wiki/%E9%83%BD%E5%96%B6%E9%83%BD%E9%9B%BB%E8%8D%92%E5%B7%9D%E7%B7%9A
秩父鉄道,https://ekimemo.wiki.fc2.com/wiki/%E7%A7%A9%E7%88%B6%E9%89%84%E9%81%93
埼玉高速鉄道,https://ekimemo.wiki.fc2.com/wiki/%E5%9F%BC%E7%8E%89%E9%AB%98%E9%80%9F%E9%89%84%E9%81%93
いすみ鉄道,https://ekimemo.wiki.fc2.com/wiki/%E3%81%84%E3%81%99%E3%81%BF%E9%89%84%E9%81%93
つくばエクスプレス,https://ekimemo.wiki.fc2.com/wiki/%E3%81%A4%E3%81%8F%E3%81%B0%E3%82%A8%E3%82%AF%E3%82%B9%E3%83%97%E3%83%AC%E3%82%B9
みなとみらい線,https://ekimemo.wiki.fc2.com/wiki/%E3%81%BF%E3%81%AA%E3%81%A8%E3%81%BF%E3%82%89%E3%81%84%E7%B7%9A
ゆりかもめ,https://ekimemo.wiki.fc2.com/wiki/%E3%82%86%E3%82%8A%E3%81%8B%E3%82%82%E3%82%81
わたらせ渓谷鐵道,https://ekimemo.wiki.fc2.com/wiki/%E3%82%8F%E3%81%9F%E3%82%89%E3%81%9B%E6%B8%93%E8%B0%B7%E9%90%B5%E9%81%93
ユーカリが丘線,https://ekimemo.wiki.fc2.com/wiki/%E3%83%A6%E3%83%BC%E3%82%AB%E3%83%AA%E3%81%8C%E4%B8%98%E7%B7%9A
伊豆箱根鉄道大雄山線,https://ekimemo.wiki.fc2.com/wiki/%E4%BC%8A%E8%B1%86%E7%AE%B1%E6%A0%B9%E9%89%84%E9%81%93%E5%A4%A7%E9%9B%84%E5%B1%B1%E7%B7%9A
ひたちなか海浜鉄道湊線,https://ekimemo.wiki.fc2.com/wiki/%E3%81%B2%E3%81%9F%E3%81%A1%E3%81%AA%E3%81%8B%E6%B5%B7%E6%B5%9C%E9%89%84%E9%81%93%E6%B9%8A%E7%B7%9A
横浜市営地下鉄ブルーライン,https://ekimemo.wiki.fc2.com/wiki/%E6%A8%AA%E6%B5%9C%E5%B8%82%E5%96%B6%E5%9C%B0%E4%B8%8B%E9%89%84%E3%83%96%E3%83%AB%E3%83%BC%E3%83%A9%E3%82%A4%E3%83%B3
横浜新都市交通金沢シーサイドライン,https://ekimemo.wiki.fc2.com/wiki/%E6%A8%AA%E6%B5%9C%E6%96%B0%E9%83%BD%E5%B8%82%E4%BA%A4%E9%80%9A%E9%87%91%E6%B2%A2%E3%82%B7%E3%83%BC%E3%82%B5%E3%82%A4%E3%83%89%E3%83%A9%E3%82%A4%E3%83%B3
関東鉄道常総線,https://ekimemo.wiki.fc2.com/wiki/%E9%96%A2%E6%9D%B1%E9%89%84%E9%81%93%E5%B8%B8%E7%B7%8F%E7%B7%9A
関東鉄道竜ヶ崎線,https://ekimemo.wiki.fc2.com/wiki/%E9%96%A2%E6%9D%B1%E9%89%84%E9%81%93%E7%AB%9C%E3%83%B6%E5%B4%8E%E7%B7%9A
江ノ島電鉄線,https://ekimemo.wiki.fc2.com/wiki/%E6%B1%9F%E3%83%8E%E5%B3%B6%E9%9B%BB%E9%89%84%E7%B7%9A
埼玉新都市交通伊奈線,https://ekimemo.wiki.fc2.com/wiki/%E5%9F%BC%E7%8E%89%E6%96%B0%E9%83%BD%E5%B8%82%E4%BA%A4%E9%80%9A%E4%BC%8A%E5%A5%88%E7%B7%9A
鹿島臨海鉄道大洗鹿島線,https://ekimemo.wiki.fc2.com/wiki/%E9%B9%BF%E5%B3%B6%E8%87%A8%E6%B5%B7%E9%89%84%E9%81%93%E5%A4%A7%E6%B4%97%E9%B9%BF%E5%B3%B6%E7%B7%9A
芝山鉄道,https://ekimemo.wiki.fc2.com/wiki/%E8%8A%9D%E5%B1%B1%E9%89%84%E9%81%93
小湊鉄道,https://ekimemo.wiki.fc2.com/wiki/%E5%B0%8F%E6%B9%8A%E9%89%84%E9%81%93
湘南モノレール,https://ekimemo.wiki.fc2.com/wiki/%E6%B9%98%E5%8D%97%E3%83%A2%E3%83%8E%E3%83%AC%E3%83%BC%E3%83%AB
上信電鉄,https://ekimemo.wiki.fc2.com/wiki/%E4%B8%8A%E4%BF%A1%E9%9B%BB%E9%89%84
上毛電気鉄道,https://ekimemo.wiki.fc2.com/wiki/%E4%B8%8A%E6%AF%9B%E9%9B%BB%E6%B0%97%E9%89%84%E9%81%93
新京成電鉄線,https://ekimemo.wiki.fc2.com/wiki/%E6%96%B0%E4%BA%AC%E6%88%90%E9%9B%BB%E9%89%84%E7%B7%9A
真岡鐵道,https://ekimemo.wiki.fc2.com/wiki/%E7%9C%9F%E5%B2%A1%E9%90%B5%E9%81%93
千葉都市モノレール１号線,https://ekimemo.wiki.fc2.com/wiki/%E5%8D%83%E8%91%89%E9%83%BD%E5%B8%82%E3%83%A2%E3%83%8E%E3%83%AC%E3%83%BC%E3%83%AB%EF%BC%91%E5%8F%B7%E7%B7%9A
千葉都市モノレール２号線,https://ekimemo.wiki.fc2.com/wiki/%E5%8D%83%E8%91%89%E9%83%BD%E5%B8%82%E3%83%A2%E3%83%8E%E3%83%AC%E3%83%BC%E3%83%AB%EF%BC%92%E5%8F%B7%E7%B7%9A
流鉄流山線,https://ekimemo.wiki.fc2.com/wiki/%E6%B5%81%E9%89%84%E6%B5%81%E5%B1%B1%E7%B7%9A
多摩モノレール,https://ekimemo.wiki.fc2.com/wiki/%E5%A4%9A%E6%91%A9%E3%83%A2%E3%83%8E%E3%83%AC%E3%83%BC%E3%83%AB
銚子電鉄線,https://ekimemo.wiki.fc2.com/wiki/%E9%8A%9A%E5%AD%90%E9%9B%BB%E9%89%84%E7%B7%9A
東京モノレール,https://ekimemo.wiki.fc2.com/wiki/%E6%9D%B1%E4%BA%AC%E3%83%A2%E3%83%8E%E3%83%AC%E3%83%BC%E3%83%AB
東京臨海高速鉄道,https://ekimemo.wiki.fc2.com/wiki/%E6%9D%B1%E4%BA%AC%E8%87%A8%E6%B5%B7%E9%AB%98%E9%80%9F%E9%89%84%E9%81%93
東葉高速鉄道,https://ekimemo.wiki.fc2.com/wiki/%E6%9D%B1%E8%91%89%E9%AB%98%E9%80%9F%E9%89%84%E9%81%93
箱根登山鉄道,https://ekimemo.wiki.fc2.com/wiki/%E7%AE%B1%E6%A0%B9%E7%99%BB%E5%B1%B1%E9%89%84%E9%81%93
北総鉄道,https://ekimemo.wiki.fc2.com/wiki/%E5%8C%97%E7%B7%8F%E9%89%84%E9%81%93
野岩鉄道会津鬼怒川線,https://ekimemo.wiki.fc2.com/wiki/%E9%87%8E%E5%B2%A9%E9%89%84%E9%81%93%E4%BC%9A%E6%B4%A5%E9%AC%BC%E6%80%92%E5%B7%9D%E7%B7%9A
日暮里・舎人ライナー,https://ekimemo.wiki.fc2.com/wiki/%E6%97%A5%E6%9A%AE%E9%87%8C%E3%83%BB%E8%88%8E%E4%BA%BA%E3%83%A9%E3%82%A4%E3%83%8A%E3%83%BC
横浜市営地下鉄グリーンライン,https://ekimemo.wiki.fc2.com/wiki/%E6%A8%AA%E6%B5%9C%E5%B8%82%E5%96%B6%E5%9C%B0%E4%B8%8B%E9%89%84%E3%82%B0%E3%83%AA%E3%83%BC%E3%83%B3%E3%83%A9%E3%82%A4%E3%83%B3
富士急行,https://ekimemo.wiki.fc2.com/wiki/%E5%AF%8C%E5%A3%AB%E6%80%A5%E8%A1%8C
北越急行ほくほく線,https://ekimemo.wiki.fc2.com/wiki/%E5%8C%97%E8%B6%8A%E6%80%A5%E8%A1%8C%E3%81%BB%E3%81%8F%E3%81%BB%E3%81%8F%E7%B7%9A
しなの鉄道,https://ekimemo.wiki.fc2.com/wiki/%E3%81%97%E3%81%AA%E3%81%AE%E9%89%84%E9%81%93
上田電鉄別所線,https://ekimemo.wiki.fc2.com/wiki/%E4%B8%8A%E7%94%B0%E9%9B%BB%E9%89%84%E5%88%A5%E6%89%80%E7%B7%9A
長野電鉄長野線,https://ekimemo.wiki.fc2.com/wiki/%E9%95%B7%E9%87%8E%E9%9B%BB%E9%89%84%E9%95%B7%E9%87%8E%E7%B7%9A
長野電鉄屋代線,https://ekimemo.wiki.fc2.com/wiki/%E9%95%B7%E9%87%8E%E9%9B%BB%E9%89%84%E5%B1%8B%E4%BB%A3%E7%B7%9A
松本電鉄上高地線,https://ekimemo.wiki.fc2.com/wiki/%E6%9D%BE%E6%9C%AC%E9%9B%BB%E9%89%84%E4%B8%8A%E9%AB%98%E5%9C%B0%E7%B7%9A
富山地鉄本線,https://ekimemo.wiki.fc2.com/wiki/%E5%AF%8C%E5%B1%B1%E5%9C%B0%E9%89%84%E6%9C%AC%E7%B7%9A
富山地鉄立山線,https://ekimemo.wiki.fc2.com/wiki/%E5%AF%8C%E5%B1%B1%E5%9C%B0%E9%89%84%E7%AB%8B%E5%B1%B1%E7%B7%9A
富山地鉄不二越・上滝線,https://ekimemo.wiki.fc2.com/wiki/%E5%AF%8C%E5%B1%B1%E5%9C%B0%E9%89%84%E4%B8%8D%E4%BA%8C%E8%B6%8A%E3%83%BB%E4%B8%8A%E6%BB%9D%E7%B7%9A
黒部峡谷鉄道,https://ekimemo.wiki.fc2.com/wiki/%E9%BB%92%E9%83%A8%E5%B3%A1%E8%B0%B7%E9%89%84%E9%81%93
富山地鉄市内線,https://ekimemo.wiki.fc2.com/wiki/%E5%AF%8C%E5%B1%B1%E5%9C%B0%E9%89%84%E5%B8%82%E5%86%85%E7%B7%9A
万葉線,https://ekimemo.wiki.fc2.com/wiki/%E4%B8%87%E8%91%89%E7%B7%9A
富山ライトレール,https://ekimemo.wiki.fc2.com/wiki/%E5%AF%8C%E5%B1%B1%E3%83%A9%E3%82%A4%E3%83%88%E3%83%AC%E3%83%BC%E3%83%AB
北陸鉄道石川線,https://ekimemo.wiki.fc2.com/wiki/%E5%8C%97%E9%99%B8%E9%89%84%E9%81%93%E7%9F%B3%E5%B7%9D%E7%B7%9A
北陸鉄道浅野川線,https://ekimemo.wiki.fc2.com/wiki/%E5%8C%97%E9%99%B8%E9%89%84%E9%81%93%E6%B5%85%E9%87%8E%E5%B7%9D%E7%B7%9A
のと鉄道七尾線,https://ekimemo.wiki.fc2.com/wiki/%E3%81%AE%E3%81%A8%E9%89%84%E9%81%93%E4%B8%83%E5%B0%BE%E7%B7%9A
えちぜん鉄道勝山永平寺線,https://ekimemo.wiki.fc2.com/wiki/%E3%81%88%E3%81%A1%E3%81%9C%E3%82%93%E9%89%84%E9%81%93%E5%8B%9D%E5%B1%B1%E6%B0%B8%E5%B9%B3%E5%AF%BA%E7%B7%9A
えちぜん鉄道三国芦原線,https://ekimemo.wiki.fc2.com/wiki/%E3%81%88%E3%81%A1%E3%81%9C%E3%82%93%E9%89%84%E9%81%93%E4%B8%89%E5%9B%BD%E8%8A%A6%E5%8E%9F%E7%B7%9A
福井鉄道福武線,https://ekimemo.wiki.fc2.com/wiki/%E7%A6%8F%E4%BA%95%E9%89%84%E9%81%93%E7%A6%8F%E6%AD%A6%E7%B7%9A
富山地鉄富山都心線,https://ekimemo.wiki.fc2.com/wiki/%E5%AF%8C%E5%B1%B1%E5%9C%B0%E9%89%84%E5%AF%8C%E5%B1%B1%E9%83%BD%E5%BF%83%E7%B7%9A
伊豆急行,https://ekimemo.wiki.fc2.com/wiki/%E4%BC%8A%E8%B1%86%E6%80%A5%E8%A1%8C
伊豆箱根鉄道駿豆線,https://ekimemo.wiki.fc2.com/wiki/%E4%BC%8A%E8%B1%86%E7%AE%B1%E6%A0%B9%E9%89%84%E9%81%93%E9%A7%BF%E8%B1%86%E7%B7%9A
岳南鉄道,https://ekimemo.wiki.fc2.com/wiki/%E5%B2%B3%E5%8D%97%E9%89%84%E9%81%93
静岡鉄道静岡清水線,https://ekimemo.wiki.fc2.com/wiki/%E9%9D%99%E5%B2%A1%E9%89%84%E9%81%93%E9%9D%99%E5%B2%A1%E6%B8%85%E6%B0%B4%E7%B7%9A
天竜浜名湖鉄道,https://ekimemo.wiki.fc2.com/wiki/%E5%A4%A9%E7%AB%9C%E6%B5%9C%E5%90%8D%E6%B9%96%E9%89%84%E9%81%93
遠州鉄道,https://ekimemo.wiki.fc2.com/wiki/%E9%81%A0%E5%B7%9E%E9%89%84%E9%81%93
大井川鐵道大井川本線,https://ekimemo.wiki.fc2.com/wiki/%E5%A4%A7%E4%BA%95%E5%B7%9D%E9%90%B5%E9%81%93%E5%A4%A7%E4%BA%95%E5%B7%9D%E6%9C%AC%E7%B7%9A
大井川鐵道井川線,https://ekimemo.wiki.fc2.com/wiki/%E5%A4%A7%E4%BA%95%E5%B7%9D%E9%90%B5%E9%81%93%E4%BA%95%E5%B7%9D%E7%B7%9A
西名古屋港線(あおなみ線),https://ekimemo.wiki.fc2.com/wiki/%E8%A5%BF%E5%90%8D%E5%8F%A4%E5%B1%8B%E6%B8%AF%E7%B7%9A%28%E3%81%82%E3%81%8A%E3%81%AA%E3%81%BF%E7%B7%9A%29
東海交通事業城北線,https://ekimemo.wiki.fc2.com/wiki/%E6%9D%B1%E6%B5%B7%E4%BA%A4%E9%80%9A%E4%BA%8B%E6%A5%AD%E5%9F%8E%E5%8C%97%E7%B7%9A
愛知環状鉄道,https://ekimemo.wiki.fc2.com/wiki/%E6%84%9B%E7%9F%A5%E7%92%B0%E7%8A%B6%E9%89%84%E9%81%93
東部丘陵線(リニモ),https://ekimemo.wiki.fc2.com/wiki/%E6%9D%B1%E9%83%A8%E4%B8%98%E9%99%B5%E7%B7%9A%28%E3%83%AA%E3%83%8B%E3%83%A2%29
名古屋市営地下鉄東山線,https://ekimemo.wiki.fc2.com/wiki/%E5%90%8D%E5%8F%A4%E5%B1%8B%E5%B8%82%E5%96%B6%E5%9C%B0%E4%B8%8B%E9%89%84%E6%9D%B1%E5%B1%B1%E7%B7%9A
名古屋市営地下鉄名城線,https://ekimemo.wiki.fc2.com/wiki/%E5%90%8D%E5%8F%A4%E5%B1%8B%E5%B8%82%E5%96%B6%E5%9C%B0%E4%B8%8B%E9%89%84%E5%90%8D%E5%9F%8E%E7%B7%9A
名古屋市営地下鉄名港線,https://ekimemo.wiki.fc2.com/wiki/%E5%90%8D%E5%8F%A4%E5%B1%8B%E5%B8%82%E5%96%B6%E5%9C%B0%E4%B8%8B%E9%89%84%E5%90%8D%E6%B8%AF%E7%B7%9A
名古屋市営地下鉄鶴舞線,https://ekimemo.wiki.fc2.com/wiki/%E5%90%8D%E5%8F%A4%E5%B1%8B%E5%B8%82%E5%96%B6%E5%9C%B0%E4%B8%8B%E9%89%84%E9%B6%B4%E8%88%9E%E7%B7%9A
名古屋市営地下鉄桜通線,https://ekimemo.wiki.fc2.com/wiki/%E5%90%8D%E5%8F%A4%E5%B1%8B%E5%B8%82%E5%96%B6%E5%9C%B0%E4%B8%8B%E9%89%84%E6%A1%9C%E9%80%9A%E7%B7%9A
名古屋市営地下鉄上飯田線,https://ekimemo.wiki.fc2.com/wiki/%E5%90%8D%E5%8F%A4%E5%B1%8B%E5%B8%82%E5%96%B6%E5%9C%B0%E4%B8%8B%E9%89%84%E4%B8%8A%E9%A3%AF%E7%94%B0%E7%B7%9A
豊橋鉄道渥美線,https://ekimemo.wiki.fc2.com/wiki/%E8%B1%8A%E6%A9%8B%E9%89%84%E9%81%93%E6%B8%A5%E7%BE%8E%E7%B7%9A
豊橋鉄道東田本線,https://ekimemo.wiki.fc2.com/wiki/%E8%B1%8A%E6%A9%8B%E9%89%84%E9%81%93%E6%9D%B1%E7%94%B0%E6%9C%AC%E7%B7%9A
豊橋鉄道運動公園前線,https://ekimemo.wiki.fc2.com/wiki/%E8%B1%8A%E6%A9%8B%E9%89%84%E9%81%93%E9%81%8B%E5%8B%95%E5%85%AC%E5%9C%92%E5%89%8D%E7%B7%9A
ゆとりーとライン,https://ekimemo.wiki.fc2.com/wiki/%E3%82%86%E3%81%A8%E3%82%8A%E3%83%BC%E3%81%A8%E3%83%A9%E3%82%A4%E3%83%B3
明知鉄道,https://ekimemo.wiki.fc2.com/wiki/%E6%98%8E%E7%9F%A5%E9%89%84%E9%81%93
長良川鉄道越美南線,https://ekimemo.wiki.fc2.com/wiki/%E9%95%B7%E8%89%AF%E5%B7%9D%E9%89%84%E9%81%93%E8%B6%8A%E7%BE%8E%E5%8D%97%E7%B7%9A
樽見鉄道,https://ekimemo.wiki.fc2.com/wiki/%E6%A8%BD%E8%A6%8B%E9%89%84%E9%81%93
三岐鉄道三岐線,https://ekimemo.wiki.fc2.com/wiki/%E4%B8%89%E5%B2%90%E9%89%84%E9%81%93%E4%B8%89%E5%B2%90%E7%B7%9A
三岐鉄道北勢線,https://ekimemo.wiki.fc2.com/wiki/%E4%B8%89%E5%B2%90%E9%89%84%E9%81%93%E5%8C%97%E5%8B%A2%E7%B7%9A
伊勢鉄道,https://ekimemo.wiki.fc2.com/wiki/%E4%BC%8A%E5%8B%A2%E9%89%84%E9%81%93
伊賀鉄道伊賀線,https://ekimemo.wiki.fc2.com/wiki/%E4%BC%8A%E8%B3%80%E9%89%84%E9%81%93%E4%BC%8A%E8%B3%80%E7%B7%9A
養老鉄道養老線,https://ekimemo.wiki.fc2.com/wiki/%E9%A4%8A%E8%80%81%E9%89%84%E9%81%93%E9%A4%8A%E8%80%81%E7%B7%9A
近江鉄道本線,https://ekimemo.wiki.fc2.com/wiki/%E8%BF%91%E6%B1%9F%E9%89%84%E9%81%93%E6%9C%AC%E7%B7%9A
近江鉄道多賀線,https://ekimemo.wiki.fc2.com/wiki/%E8%BF%91%E6%B1%9F%E9%89%84%E9%81%93%E5%A4%9A%E8%B3%80%E7%B7%9A
近江鉄道八日市線,https://ekimemo.wiki.fc2.com/wiki/%E8%BF%91%E6%B1%9F%E9%89%84%E9%81%93%E5%85%AB%E6%97%A5%E5%B8%82%E7%B7%9A
信楽高原鐵道,https://ekimemo.wiki.fc2.com/wiki/%E4%BF%A1%E6%A5%BD%E9%AB%98%E5%8E%9F%E9%90%B5%E9%81%93
嵯峨野観光鉄道,https://ekimemo.wiki.fc2.com/wiki/%E5%B5%AF%E5%B3%A8%E9%87%8E%E8%A6%B3%E5%85%89%E9%89%84%E9%81%93
叡山電鉄叡山本線,https://ekimemo.wiki.fc2.com/wiki/%E5%8F%A1%E5%B1%B1%E9%9B%BB%E9%89%84%E5%8F%A1%E5%B1%B1%E6%9C%AC%E7%B7%9A
叡山電鉄鞍馬線,https://ekimemo.wiki.fc2.com/wiki/%E5%8F%A1%E5%B1%B1%E9%9B%BB%E9%89%84%E9%9E%8D%E9%A6%AC%E7%B7%9A
北近畿タンゴ鉄道宮福線,https://ekimemo.wiki.fc2.com/wiki/%E5%8C%97%E8%BF%91%E7%95%BF%E3%82%BF%E3%83%B3%E3%82%B4%E9%89%84%E9%81%93%E5%AE%AE%E7%A6%8F%E7%B7%9A
北近畿タンゴ鉄道宮津線,https://ekimemo.wiki.fc2.com/wiki/%E5%8C%97%E8%BF%91%E7%95%BF%E3%82%BF%E3%83%B3%E3%82%B4%E9%89%84%E9%81%93%E5%AE%AE%E6%B4%A5%E7%B7%9A
京都市営地下鉄烏丸線,https://ekimemo.wiki.fc2.com/wiki/%E4%BA%AC%E9%83%BD%E5%B8%82%E5%96%B6%E5%9C%B0%E4%B8%8B%E9%89%84%E7%83%8F%E4%B8%B8%E7%B7%9A
京都市営地下鉄東西線,https://ekimemo.wiki.fc2.com/wiki/%E4%BA%AC%E9%83%BD%E5%B8%82%E5%96%B6%E5%9C%B0%E4%B8%8B%E9%89%84%E6%9D%B1%E8%A5%BF%E7%B7%9A
京福電鉄嵐山本線,https://ekimemo.wiki.fc2.com/wiki/%E4%BA%AC%E7%A6%8F%E9%9B%BB%E9%89%84%E5%B5%90%E5%B1%B1%E6%9C%AC%E7%B7%9A
京福電鉄北野線,https://ekimemo.wiki.fc2.com/wiki/%E4%BA%AC%E7%A6%8F%E9%9B%BB%E9%89%84%E5%8C%97%E9%87%8E%E7%B7%9A
北大阪急行電鉄,https://ekimemo.wiki.fc2.com/wiki/%E5%8C%97%E5%A4%A7%E9%98%AA%E6%80%A5%E8%A1%8C%E9%9B%BB%E9%89%84
能勢電鉄妙見線,https://ekimemo.wiki.fc2.com/wiki/%E8%83%BD%E5%8B%A2%E9%9B%BB%E9%89%84%E5%A6%99%E8%A6%8B%E7%B7%9A
泉北高速鉄道線,https://ekimemo.wiki.fc2.com/wiki/%E6%B3%89%E5%8C%97%E9%AB%98%E9%80%9F%E9%89%84%E9%81%93%E7%B7%9A
水間鉄道,https://ekimemo.wiki.fc2.com/wiki/%E6%B0%B4%E9%96%93%E9%89%84%E9%81%93
OsakaMetro御堂筋線,https://ekimemo.wiki.fc2.com/wiki/OsakaMetro%E5%BE%A1%E5%A0%82%E7%AD%8B%E7%B7%9A
OsakaMetro谷町線,https://ekimemo.wiki.fc2.com/wiki/OsakaMetro%E8%B0%B7%E7%94%BA%E7%B7%9A
OsakaMetro四つ橋線,https://ekimemo.wiki.fc2.com/wiki/OsakaMetro%E5%9B%9B%E3%81%A4%E6%A9%8B%E7%B7%9A
OsakaMetro中央線,https://ekimemo.wiki.fc2.com/wiki/OsakaMetro%E4%B8%AD%E5%A4%AE%E7%B7%9A
OsakaMetro千日前線,https://ekimemo.wiki.fc2.com/wiki/OsakaMetro%E5%8D%83%E6%97%A5%E5%89%8D%E7%B7%9A
OsakaMetro堺筋線,https://ekimemo.wiki.fc2.com/wiki/OsakaMetro%E5%A0%BA%E7%AD%8B%E7%B7%9A
OsakaMetro長堀鶴見緑地線,https://ekimemo.wiki.fc2.com/wiki/OsakaMetro%E9%95%B7%E5%A0%80%E9%B6%B4%E8%A6%8B%E7%B7%91%E5%9C%B0%E7%B7%9A
OsakaMetro南港ポートタウン線,https://ekimemo.wiki.fc2.com/wiki/OsakaMetro%E5%8D%97%E6%B8%AF%E3%83%9D%E3%83%BC%E3%83%88%E3%82%BF%E3%82%A6%E3%83%B3%E7%B7%9A
大阪モノレール線,https://ekimemo.wiki.fc2.com/wiki/%E5%A4%A7%E9%98%AA%E3%83%A2%E3%83%8E%E3%83%AC%E3%83%BC%E3%83%AB%E7%B7%9A
大阪モノレール彩都線,https://ekimemo.wiki.fc2.com/wiki/%E5%A4%A7%E9%98%AA%E3%83%A2%E3%83%8E%E3%83%AC%E3%83%BC%E3%83%AB%E5%BD%A9%E9%83%BD%E7%B7%9A
阪堺電軌上町線,https://ekimemo.wiki.fc2.com/wiki/%E9%98%AA%E5%A0%BA%E9%9B%BB%E8%BB%8C%E4%B8%8A%E7%94%BA%E7%B7%9A
阪堺電軌阪堺線,https://ekimemo.wiki.fc2.com/wiki/%E9%98%AA%E5%A0%BA%E9%9B%BB%E8%BB%8C%E9%98%AA%E5%A0%BA%E7%B7%9A
神戸高速東西線,https://ekimemo.wiki.fc2.com/wiki/%E7%A5%9E%E6%88%B8%E9%AB%98%E9%80%9F%E6%9D%B1%E8%A5%BF%E7%B7%9A
神戸高速南北線,https://ekimemo.wiki.fc2.com/wiki/%E7%A5%9E%E6%88%B8%E9%AB%98%E9%80%9F%E5%8D%97%E5%8C%97%E7%B7%9A
神鉄有馬線,https://ekimemo.wiki.fc2.com/wiki/%E7%A5%9E%E9%89%84%E6%9C%89%E9%A6%AC%E7%B7%9A
神鉄三田線,https://ekimemo.wiki.fc2.com/wiki/%E7%A5%9E%E9%89%84%E4%B8%89%E7%94%B0%E7%B7%9A
神鉄公園都市線,https://ekimemo.wiki.fc2.com/wiki/%E7%A5%9E%E9%89%84%E5%85%AC%E5%9C%92%E9%83%BD%E5%B8%82%E7%B7%9A
神鉄粟生線,https://ekimemo.wiki.fc2.com/wiki/%E7%A5%9E%E9%89%84%E7%B2%9F%E7%94%9F%E7%B7%9A
北神急行電鉄,https://ekimemo.wiki.fc2.com/wiki/%E5%8C%97%E7%A5%9E%E6%80%A5%E8%A1%8C%E9%9B%BB%E9%89%84
山陽電鉄本線,https://ekimemo.wiki.fc2.com/wiki/%E5%B1%B1%E9%99%BD%E9%9B%BB%E9%89%84%E6%9C%AC%E7%B7%9A
山陽電鉄網干線,https://ekimemo.wiki.fc2.com/wiki/%E5%B1%B1%E9%99%BD%E9%9B%BB%E9%89%84%E7%B6%B2%E5%B9%B2%E7%B7%9A
能勢電鉄日生線,https://ekimemo.wiki.fc2.com/wiki/%E8%83%BD%E5%8B%A2%E9%9B%BB%E9%89%84%E6%97%A5%E7%94%9F%E7%B7%9A
北条鉄道,https://ekimemo.wiki.fc2.com/wiki/%E5%8C%97%E6%9D%A1%E9%89%84%E9%81%93
智頭急行,https://ekimemo.wiki.fc2.com/wiki/%E6%99%BA%E9%A0%AD%E6%80%A5%E8%A1%8C
神戸市営地下鉄西神線,https://ekimemo.wiki.fc2.com/wiki/%E7%A5%9E%E6%88%B8%E5%B8%82%E5%96%B6%E5%9C%B0%E4%B8%8B%E9%89%84%E8%A5%BF%E7%A5%9E%E7%B7%9A
神戸市営地下鉄山手線,https://ekimemo.wiki.fc2.com/wiki/%E7%A5%9E%E6%88%B8%E5%B8%82%E5%96%B6%E5%9C%B0%E4%B8%8B%E9%89%84%E5%B1%B1%E6%89%8B%E7%B7%9A
神戸市営地下鉄海岸線(夢かもめ),https://ekimemo.wiki.fc2.com/wiki/%E7%A5%9E%E6%88%B8%E5%B8%82%E5%96%B6%E5%9C%B0%E4%B8%8B%E9%89%84%E6%B5%B7%E5%B2%B8%E7%B7%9A%28%E5%A4%A2%E3%81%8B%E3%82%82%E3%82%81%29
神戸新交通ポートアイランド線,https://ekimemo.wiki.fc2.com/wiki/%E7%A5%9E%E6%88%B8%E6%96%B0%E4%BA%A4%E9%80%9A%E3%83%9D%E3%83%BC%E3%83%88%E3%82%A2%E3%82%A4%E3%83%A9%E3%83%B3%E3%83%89%E7%B7%9A
神戸新交通六甲アイランド線,https://ekimemo.wiki.fc2.com/wiki/%E7%A5%9E%E6%88%B8%E6%96%B0%E4%BA%A4%E9%80%9A%E5%85%AD%E7%94%B2%E3%82%A2%E3%82%A4%E3%83%A9%E3%83%B3%E3%83%89%E7%B7%9A
紀州鉄道,https://ekimemo.wiki.fc2.com/wiki/%E7%B4%80%E5%B7%9E%E9%89%84%E9%81%93
わかやま電鉄貴志川線,https://ekimemo.wiki.fc2.com/wiki/%E3%82%8F%E3%81%8B%E3%82%84%E3%81%BE%E9%9B%BB%E9%89%84%E8%B2%B4%E5%BF%97%E5%B7%9D%E7%B7%9A
OsakaMetro今里筋線,https://ekimemo.wiki.fc2.com/wiki/OsakaMetro%E4%BB%8A%E9%87%8C%E7%AD%8B%E7%B7%9A
若桜鉄道,https://ekimemo.wiki.fc2.com/wiki/%E8%8B%A5%E6%A1%9C%E9%89%84%E9%81%93
一畑電車北松江線,https://ekimemo.wiki.fc2.com/wiki/%E4%B8%80%E7%95%91%E9%9B%BB%E8%BB%8A%E5%8C%97%E6%9D%BE%E6%B1%9F%E7%B7%9A
一畑電車大社線,https://ekimemo.wiki.fc2.com/wiki/%E4%B8%80%E7%95%91%E9%9B%BB%E8%BB%8A%E5%A4%A7%E7%A4%BE%E7%B7%9A
水島臨海鉄道,https://ekimemo.wiki.fc2.com/wiki/%E6%B0%B4%E5%B3%B6%E8%87%A8%E6%B5%B7%E9%89%84%E9%81%93
井原鉄道,https://ekimemo.wiki.fc2.com/wiki/%E4%BA%95%E5%8E%9F%E9%89%84%E9%81%93
岡山電軌東山本線,https://ekimemo.wiki.fc2.com/wiki/%E5%B2%A1%E5%B1%B1%E9%9B%BB%E8%BB%8C%E6%9D%B1%E5%B1%B1%E6%9C%AC%E7%B7%9A
岡山電軌清輝橋線,https://ekimemo.wiki.fc2.com/wiki/%E5%B2%A1%E5%B1%B1%E9%9B%BB%E8%BB%8C%E6%B8%85%E8%BC%9D%E6%A9%8B%E7%B7%9A
スカイレールサービス,https://ekimemo.wiki.fc2.com/wiki/%E3%82%B9%E3%82%AB%E3%82%A4%E3%83%AC%E3%83%BC%E3%83%AB%E3%82%B5%E3%83%BC%E3%83%93%E3%82%B9
アストラムライン,https://ekimemo.wiki.fc2.com/wiki/%E3%82%A2%E3%82%B9%E3%83%88%E3%83%A9%E3%83%A0%E3%83%A9%E3%82%A4%E3%83%B3
広電１系統(宇品線),https://ekimemo.wiki.fc2.com/wiki/%E5%BA%83%E9%9B%BB%EF%BC%91%E7%B3%BB%E7%B5%B1%28%E5%AE%87%E5%93%81%E7%B7%9A%29
広電２系統(宮島線),https://ekimemo.wiki.fc2.com/wiki/%E5%BA%83%E9%9B%BB%EF%BC%92%E7%B3%BB%E7%B5%B1%28%E5%AE%AE%E5%B3%B6%E7%B7%9A%29
広電３系統(己斐線),https://ekimemo.wiki.fc2.com/wiki/%E5%BA%83%E9%9B%BB%EF%BC%93%E7%B3%BB%E7%B5%B1%28%E5%B7%B1%E6%96%90%E7%B7%9A%29
広電５系統(比治山線),https://ekimemo.wiki.fc2.com/wiki/%E5%BA%83%E9%9B%BB%EF%BC%95%E7%B3%BB%E7%B5%B1%28%E6%AF%94%E6%B2%BB%E5%B1%B1%E7%B7%9A%29
広電６系統(江波線),https://ekimemo.wiki.fc2.com/wiki/%E5%BA%83%E9%9B%BB%EF%BC%96%E7%B3%BB%E7%B5%B1%28%E6%B1%9F%E6%B3%A2%E7%B7%9A%29
広電７系統(都心線),https://ekimemo.wiki.fc2.com/wiki/%E5%BA%83%E9%9B%BB%EF%BC%97%E7%B3%BB%E7%B5%B1%28%E9%83%BD%E5%BF%83%E7%B7%9A%29
広電８系統(横川線),https://ekimemo.wiki.fc2.com/wiki/%E5%BA%83%E9%9B%BB%EF%BC%98%E7%B3%BB%E7%B5%B1%28%E6%A8%AA%E5%B7%9D%E7%B7%9A%29
広電９系統(白島線),https://ekimemo.wiki.fc2.com/wiki/%E5%BA%83%E9%9B%BB%EF%BC%99%E7%B3%BB%E7%B5%B1%28%E7%99%BD%E5%B3%B6%E7%B7%9A%29
錦川鉄道錦川清流線,https://ekimemo.wiki.fc2.com/wiki/%E9%8C%A6%E5%B7%9D%E9%89%84%E9%81%93%E9%8C%A6%E5%B7%9D%E6%B8%85%E6%B5%81%E7%B7%9A
阿佐海岸鉄道阿佐東線,https://ekimemo.wiki.fc2.com/wiki/%E9%98%BF%E4%BD%90%E6%B5%B7%E5%B2%B8%E9%89%84%E9%81%93%E9%98%BF%E4%BD%90%E6%9D%B1%E7%B7%9A
琴電琴平線,https://ekimemo.wiki.fc2.com/wiki/%E7%90%B4%E9%9B%BB%E7%90%B4%E5%B9%B3%E7%B7%9A
琴電長尾線,https://ekimemo.wiki.fc2.com/wiki/%E7%90%B4%E9%9B%BB%E9%95%B7%E5%B0%BE%E7%B7%9A
琴電志度線,https://ekimemo.wiki.fc2.com/wiki/%E7%90%B4%E9%9B%BB%E5%BF%97%E5%BA%A6%E7%B7%9A
伊予鉄道郡中線,https://ekimemo.wiki.fc2.com/wiki/%E4%BC%8A%E4%BA%88%E9%89%84%E9%81%93%E9%83%A1%E4%B8%AD%E7%B7%9A
伊予鉄道高浜線,https://ekimemo.wiki.fc2.com/wiki/%E4%BC%8A%E4%BA%88%E9%89%84%E9%81%93%E9%AB%98%E6%B5%9C%E7%B7%9A
伊予鉄道横河原線,https://ekimemo.wiki.fc2.com/wiki/%E4%BC%8A%E4%BA%88%E9%89%84%E9%81%93%E6%A8%AA%E6%B2%B3%E5%8E%9F%E7%B7%9A
伊予鉄道１系統(環状線),https://ekimemo.wiki.fc2.com/wiki/%E4%BC%8A%E4%BA%88%E9%89%84%E9%81%93%EF%BC%91%E7%B3%BB%E7%B5%B1%28%E7%92%B0%E7%8A%B6%E7%B7%9A%29
伊予鉄道２系統(環状線),https://ekimemo.wiki.fc2.com/wiki/%E4%BC%8A%E4%BA%88%E9%89%84%E9%81%93%EF%BC%92%E7%B3%BB%E7%B5%B1%28%E7%92%B0%E7%8A%B6%E7%B7%9A%29
伊予鉄道３系統(市駅線),https://ekimemo.wiki.fc2.com/wiki/%E4%BC%8A%E4%BA%88%E9%89%84%E9%81%93%EF%BC%93%E7%B3%BB%E7%B5%B1%28%E5%B8%82%E9%A7%85%E7%B7%9A%29
伊予鉄道５系統(松山駅前線),https://ekimemo.wiki.fc2.com/wiki/%E4%BC%8A%E4%BA%88%E9%89%84%E9%81%93%EF%BC%95%E7%B3%BB%E7%B5%B1%28%E6%9D%BE%E5%B1%B1%E9%A7%85%E5%89%8D%E7%B7%9A%29
伊予鉄道６系統(本町線),https://ekimemo.wiki.fc2.com/wiki/%E4%BC%8A%E4%BA%88%E9%89%84%E9%81%93%EF%BC%96%E7%B3%BB%E7%B5%B1%28%E6%9C%AC%E7%94%BA%E7%B7%9A%29
土佐くろしお鉄道中村線,https://ekimemo.wiki.fc2.com/wiki/%E5%9C%9F%E4%BD%90%E3%81%8F%E3%82%8D%E3%81%97%E3%81%8A%E9%89%84%E9%81%93%E4%B8%AD%E6%9D%91%E7%B7%9A
土佐くろしお鉄道宿毛線,https://ekimemo.wiki.fc2.com/wiki/%E5%9C%9F%E4%BD%90%E3%81%8F%E3%82%8D%E3%81%97%E3%81%8A%E9%89%84%E9%81%93%E5%AE%BF%E6%AF%9B%E7%B7%9A
土佐くろしお鉄道ごめん・なはり線,https://ekimemo.wiki.fc2.com/wiki/%E5%9C%9F%E4%BD%90%E3%81%8F%E3%82%8D%E3%81%97%E3%81%8A%E9%89%84%E9%81%93%E3%81%94%E3%82%81%E3%82%93%E3%83%BB%E3%81%AA%E3%81%AF%E3%82%8A%E7%B7%9A
とさでん交通後免線,https://ekimemo.wiki.fc2.com/wiki/%E3%81%A8%E3%81%95%E3%81%A7%E3%82%93%E4%BA%A4%E9%80%9A%E5%BE%8C%E5%85%8D%E7%B7%9A
とさでん交通伊野線,https://ekimemo.wiki.fc2.com/wiki/%E3%81%A8%E3%81%95%E3%81%A7%E3%82%93%E4%BA%A4%E9%80%9A%E4%BC%8A%E9%87%8E%E7%B7%9A
とさでん交通桟橋線,https://ekimemo.wiki.fc2.com/wiki/%E3%81%A8%E3%81%95%E3%81%A7%E3%82%93%E4%BA%A4%E9%80%9A%E6%A1%9F%E6%A9%8B%E7%B7%9A
甘木鉄道,https://ekimemo.wiki.fc2.com/wiki/%E7%94%98%E6%9C%A8%E9%89%84%E9%81%93
平成筑豊鉄道伊田線,https://ekimemo.wiki.fc2.com/wiki/%E5%B9%B3%E6%88%90%E7%AD%91%E8%B1%8A%E9%89%84%E9%81%93%E4%BC%8A%E7%94%B0%E7%B7%9A
平成筑豊鉄道糸田線,https://ekimemo.wiki.fc2.com/wiki/%E5%B9%B3%E6%88%90%E7%AD%91%E8%B1%8A%E9%89%84%E9%81%93%E7%B3%B8%E7%94%B0%E7%B7%9A
平成筑豊鉄道田川線,https://ekimemo.wiki.fc2.com/wiki/%E5%B9%B3%E6%88%90%E7%AD%91%E8%B1%8A%E9%89%84%E9%81%93%E7%94%B0%E5%B7%9D%E7%B7%9A
福岡市営地下鉄空港線,https://ekimemo.wiki.fc2.com/wiki/%E7%A6%8F%E5%B2%A1%E5%B8%82%E5%96%B6%E5%9C%B0%E4%B8%8B%E9%89%84%E7%A9%BA%E6%B8%AF%E7%B7%9A
福岡市営地下鉄箱崎線,https://ekimemo.wiki.fc2.com/wiki/%E7%A6%8F%E5%B2%A1%E5%B8%82%E5%96%B6%E5%9C%B0%E4%B8%8B%E9%89%84%E7%AE%B1%E5%B4%8E%E7%B7%9A
福岡市営地下鉄七隈線,https://ekimemo.wiki.fc2.com/wiki/%E7%A6%8F%E5%B2%A1%E5%B8%82%E5%96%B6%E5%9C%B0%E4%B8%8B%E9%89%84%E4%B8%83%E9%9A%88%E7%B7%9A
北九州高速鉄道,https://ekimemo.wiki.fc2.com/wiki/%E5%8C%97%E4%B9%9D%E5%B7%9E%E9%AB%98%E9%80%9F%E9%89%84%E9%81%93
筑豊電気鉄道,https://ekimemo.wiki.fc2.com/wiki/%E7%AD%91%E8%B1%8A%E9%9B%BB%E6%B0%97%E9%89%84%E9%81%93
松浦鉄道西九州線(有田～伊万里),https://ekimemo.wiki.fc2.com/wiki/%E6%9D%BE%E6%B5%A6%E9%89%84%E9%81%93%E8%A5%BF%E4%B9%9D%E5%B7%9E%E7%B7%9A%28%E6%9C%89%E7%94%B0%EF%BD%9E%E4%BC%8A%E4%B8%87%E9%87%8C%29
松浦鉄道西九州線(伊万里～佐世保),https://ekimemo.wiki.fc2.com/wiki/%E6%9D%BE%E6%B5%A6%E9%89%84%E9%81%93%E8%A5%BF%E4%B9%9D%E5%B7%9E%E7%B7%9A%28%E4%BC%8A%E4%B8%87%E9%87%8C%EF%BD%9E%E4%BD%90%E4%B8%96%E4%BF%9D%29
島原鉄道,https://ekimemo.wiki.fc2.com/wiki/%E5%B3%B6%E5%8E%9F%E9%89%84%E9%81%93
長崎電軌１系統,https://ekimemo.wiki.fc2.com/wiki/%E9%95%B7%E5%B4%8E%E9%9B%BB%E8%BB%8C%EF%BC%91%E7%B3%BB%E7%B5%B1
長崎電軌３系統,https://ekimemo.wiki.fc2.com/wiki/%E9%95%B7%E5%B4%8E%E9%9B%BB%E8%BB%8C%EF%BC%93%E7%B3%BB%E7%B5%B1
長崎電軌４系統,https://ekimemo.wiki.fc2.com/wiki/%E9%95%B7%E5%B4%8E%E9%9B%BB%E8%BB%8C%EF%BC%94%E7%B3%BB%E7%B5%B1
長崎電軌５系統,https://ekimemo.wiki.fc2.com/wiki/%E9%95%B7%E5%B4%8E%E9%9B%BB%E8%BB%8C%EF%BC%95%E7%B3%BB%E7%B5%B1
熊本電鉄本線,https://ekimemo.wiki.fc2.com/wiki/%E7%86%8A%E6%9C%AC%E9%9B%BB%E9%89%84%E6%9C%AC%E7%B7%9A
熊本電鉄上熊本線,https://ekimemo.wiki.fc2.com/wiki/%E7%86%8A%E6%9C%AC%E9%9B%BB%E9%89%84%E4%B8%8A%E7%86%8A%E6%9C%AC%E7%B7%9A
南阿蘇鉄道高森線,https://ekimemo.wiki.fc2.com/wiki/%E5%8D%97%E9%98%BF%E8%98%87%E9%89%84%E9%81%93%E9%AB%98%E6%A3%AE%E7%B7%9A
くま川鉄道湯前線,https://ekimemo.wiki.fc2.com/wiki/%E3%81%8F%E3%81%BE%E5%B7%9D%E9%89%84%E9%81%93%E6%B9%AF%E5%89%8D%E7%B7%9A
肥薩おれんじ鉄道,https://ekimemo.wiki.fc2.com/wiki/%E8%82%A5%E8%96%A9%E3%81%8A%E3%82%8C%E3%82%93%E3%81%98%E9%89%84%E9%81%93
熊本市電Ａ系統,https://ekimemo.wiki.fc2.com/wiki/%E7%86%8A%E6%9C%AC%E5%B8%82%E9%9B%BB%EF%BC%A1%E7%B3%BB%E7%B5%B1
熊本市電Ｂ系統,https://ekimemo.wiki.fc2.com/wiki/%E7%86%8A%E6%9C%AC%E5%B8%82%E9%9B%BB%EF%BC%A2%E7%B3%BB%E7%B5%B1
鹿児島市電１系統,https://ekimemo.wiki.fc2.com/wiki/%E9%B9%BF%E5%85%90%E5%B3%B6%E5%B8%82%E9%9B%BB%EF%BC%91%E7%B3%BB%E7%B5%B1
鹿児島市電２系統,https://ekimemo.wiki.fc2.com/wiki/%E9%B9%BF%E5%85%90%E5%B3%B6%E5%B8%82%E9%9B%BB%EF%BC%92%E7%B3%BB%E7%B5%B1
ゆいレール,https://ekimemo.wiki.fc2.com/wiki/%E3%82%86%E3%81%84%E3%83%AC%E3%83%BC%E3%83%AB
平成筑豊鉄道門司港レトロ観光線,https://ekimemo.wiki.fc2.com/wiki/%E5%B9%B3%E6%88%90%E7%AD%91%E8%B1%8A%E9%89%84%E9%81%93%E9%96%80%E5%8F%B8%E6%B8%AF%E3%83%AC%E3%83%88%E3%83%AD%E8%A6%B3%E5%85%89%E7%B7%9A
東海道新幹線,https://ekimemo.wiki.fc2.com/wiki/%E6%9D%B1%E6%B5%B7%E9%81%93%E6%96%B0%E5%B9%B9%E7%B7%9A
山陽新幹線,https://ekimemo.wiki.fc2.com/wiki/%E5%B1%B1%E9%99%BD%E6%96%B0%E5%B9%B9%E7%B7%9A
九州新幹線,https://ekimemo.wiki.fc2.com/wiki/%E4%B9%9D%E5%B7%9E%E6%96%B0%E5%B9%B9%E7%B7%9A
東北新幹線,https://ekimemo.wiki.fc2.com/wiki/%E6%9D%B1%E5%8C%97%E6%96%B0%E5%B9%B9%E7%B7%9A
上越新幹線,https://ekimemo.wiki.fc2.com/wiki/%E4%B8%8A%E8%B6%8A%E6%96%B0%E5%B9%B9%E7%B7%9A
上越新幹線(上越線),https://ekimemo.wiki.fc2.com/wiki/%E4%B8%8A%E8%B6%8A%E6%96%B0%E5%B9%B9%E7%B7%9A%28%E4%B8%8A%E8%B6%8A%E7%B7%9A%29
北陸新幹線,https://ekimemo.wiki.fc2.com/wiki/%E5%8C%97%E9%99%B8%E6%96%B0%E5%B9%B9%E7%B7%9A
ディズニーリゾートライン線,https://ekimemo.wiki.fc2.com/wiki/%E3%83%87%E3%82%A3%E3%82%BA%E3%83%8B%E3%83%BC%E3%83%AA%E3%82%BE%E3%83%BC%E3%83%88%E3%83%A9%E3%82%A4%E3%83%B3%E7%B7%9A
上野懸垂線(上野動物園モノレール),https://ekimemo.wiki.fc2.com/wiki/%E4%B8%8A%E9%87%8E%E6%87%B8%E5%9E%82%E7%B7%9A%28%E4%B8%8A%E9%87%8E%E5%8B%95%E7%89%A9%E5%9C%92%E3%83%A2%E3%83%8E%E3%83%AC%E3%83%BC%E3%83%AB%29
南部縦貫鉄道線,https://ekimemo.wiki.fc2.com/wiki/%E5%8D%97%E9%83%A8%E7%B8%A6%E8%B2%AB%E9%89%84%E9%81%93%E7%B7%9A
JR上野東京ライン,https://ekimemo.wiki.fc2.com/wiki/JR%E4%B8%8A%E9%87%8E%E6%9D%B1%E4%BA%AC%E3%83%A9%E3%82%A4%E3%83%B3
北しなの線,https://ekimemo.wiki.fc2.com/wiki/%E5%8C%97%E3%81%97%E3%81%AA%E3%81%AE%E7%B7%9A
妙高はねうまライン,https://ekimemo.wiki.fc2.com/wiki/%E5%A6%99%E9%AB%98%E3%81%AF%E3%81%AD%E3%81%86%E3%81%BE%E3%83%A9%E3%82%A4%E3%83%B3
日本海ひすいライン,https://ekimemo.wiki.fc2.com/wiki/%E6%97%A5%E6%9C%AC%E6%B5%B7%E3%81%B2%E3%81%99%E3%81%84%E3%83%A9%E3%82%A4%E3%83%B3
あいの風とやま鉄道線,https://ekimemo.wiki.fc2.com/wiki/%E3%81%82%E3%81%84%E3%81%AE%E9%A2%A8%E3%81%A8%E3%82%84%E3%81%BE%E9%89%84%E9%81%93%E7%B7%9A
IRいしかわ鉄道線,https://ekimemo.wiki.fc2.com/wiki/IR%E3%81%84%E3%81%97%E3%81%8B%E3%82%8F%E9%89%84%E9%81%93%E7%B7%9A
京都丹後鉄道宮福線,https://ekimemo.wiki.fc2.com/wiki/%E4%BA%AC%E9%83%BD%E4%B8%B9%E5%BE%8C%E9%89%84%E9%81%93%E5%AE%AE%E7%A6%8F%E7%B7%9A
京都丹後鉄道宮舞線,https://ekimemo.wiki.fc2.com/wiki/%E4%BA%AC%E9%83%BD%E4%B8%B9%E5%BE%8C%E9%89%84%E9%81%93%E5%AE%AE%E8%88%9E%E7%B7%9A
京都丹後鉄道宮豊線,https://ekimemo.wiki.fc2.com/wiki/%E4%BA%AC%E9%83%BD%E4%B8%B9%E5%BE%8C%E9%89%84%E9%81%93%E5%AE%AE%E8%B1%8A%E7%B7%9A
四日市あすなろう鉄道内部線,https://ekimemo.wiki.fc2.com/wiki/%E5%9B%9B%E6%97%A5%E5%B8%82%E3%81%82%E3%81%99%E3%81%AA%E3%82%8D%E3%81%86%E9%89%84%E9%81%93%E5%86%85%E9%83%A8%E7%B7%9A
四日市あすなろう鉄道八王子線,https://ekimemo.wiki.fc2.com/wiki/%E5%9B%9B%E6%97%A5%E5%B8%82%E3%81%82%E3%81%99%E3%81%AA%E3%82%8D%E3%81%86%E9%89%84%E9%81%93%E5%85%AB%E7%8E%8B%E5%AD%90%E7%B7%9A
JR仙石東北ライン,https://ekimemo.wiki.fc2.com/wiki/JR%E4%BB%99%E7%9F%B3%E6%9D%B1%E5%8C%97%E3%83%A9%E3%82%A4%E3%83%B3
湘南軌道,https://ekimemo.wiki.fc2.com/wiki/%E6%B9%98%E5%8D%97%E8%BB%8C%E9%81%93
京王御陵線,https://ekimemo.wiki.fc2.com/wiki/%E4%BA%AC%E7%8E%8B%E5%BE%A1%E9%99%B5%E7%B7%9A
福井鉄道鯖浦線,https://ekimemo.wiki.fc2.com/wiki/%E7%A6%8F%E4%BA%95%E9%89%84%E9%81%93%E9%AF%96%E6%B5%A6%E7%B7%9A
三木線,https://ekimemo.wiki.fc2.com/wiki/%E4%B8%89%E6%9C%A8%E7%B7%9A
北丹鉄道,https://ekimemo.wiki.fc2.com/wiki/%E5%8C%97%E4%B8%B9%E9%89%84%E9%81%93
下津井電鉄,https://ekimemo.wiki.fc2.com/wiki/%E4%B8%8B%E6%B4%A5%E4%BA%95%E9%9B%BB%E9%89%84
倉吉線,https://ekimemo.wiki.fc2.com/wiki/%E5%80%89%E5%90%89%E7%B7%9A
鍛冶屋原線,https://ekimemo.wiki.fc2.com/wiki/%E9%8D%9B%E5%86%B6%E5%B1%8B%E5%8E%9F%E7%B7%9A
勝田線,https://ekimemo.wiki.fc2.com/wiki/%E5%8B%9D%E7%94%B0%E7%B7%9A
宮之城線,https://ekimemo.wiki.fc2.com/wiki/%E5%AE%AE%E4%B9%8B%E5%9F%8E%E7%B7%9A
伊予鉄道森松線,https://ekimemo.wiki.fc2.com/wiki/%E4%BC%8A%E4%BA%88%E9%89%84%E9%81%93%E6%A3%AE%E6%9D%BE%E7%B7%9A
嘉手納線,https://ekimemo.wiki.fc2.com/wiki/%E5%98%89%E6%89%8B%E7%B4%8D%E7%B7%9A
横荘線,https://ekimemo.wiki.fc2.com/wiki/%E6%A8%AA%E8%8D%98%E7%B7%9A
雄勝線,https://ekimemo.wiki.fc2.com/wiki/%E9%9B%84%E5%8B%9D%E7%B7%9A
鹿島臨海鉄道鹿島臨港線,https://ekimemo.wiki.fc2.com/wiki/%E9%B9%BF%E5%B3%B6%E8%87%A8%E6%B5%B7%E9%89%84%E9%81%93%E9%B9%BF%E5%B3%B6%E8%87%A8%E6%B8%AF%E7%B7%9A
鉄道院中央本線,https://ekimemo.wiki.fc2.com/wiki/%E9%89%84%E9%81%93%E9%99%A2%E4%B8%AD%E5%A4%AE%E6%9C%AC%E7%B7%9A
仙台市営地下鉄東西線,https://ekimemo.wiki.fc2.com/wiki/%E4%BB%99%E5%8F%B0%E5%B8%82%E5%96%B6%E5%9C%B0%E4%B8%8B%E9%89%84%E6%9D%B1%E8%A5%BF%E7%B7%9A
北海道新幹線,https://ekimemo.wiki.fc2.com/wiki/%E5%8C%97%E6%B5%B7%E9%81%93%E6%96%B0%E5%B9%B9%E7%B7%9A
道南いさりび鉄道線,https://ekimemo.wiki.fc2.com/wiki/%E9%81%93%E5%8D%97%E3%81%84%E3%81%95%E3%82%8A%E3%81%B3%E9%89%84%E9%81%93%E7%B7%9A
三陸鉄道リアス線,https://ekimemo.wiki.fc2.com/wiki/%E4%B8%89%E9%99%B8%E9%89%84%E9%81%93%E3%83%AA%E3%82%A2%E3%82%B9%E7%B7%9A
